书名,个人评分,打分日期,我的短评,出版日期,作者,条目链接
"别闹了，费曼先生","","2026/04/07","","1997/12","[美] 理查德·费曼","https://book.douban.com/subject/1037602/"
"趣学算法","2","2026/04/07","为了通俗添加了太多废话，实际的内容却做不到深入浅出。","2017/7/1","陈小玉","https://book.douban.com/subject/27109832/"
"毛毛","5","2025/09/07","","2006/12","米切尔·恩德","https://book.douban.com/subject/1965464/"
"阅读是一座随身携带的避难所","1","2025/09/07","无聊而肤浅的八卦书…","2020/7","[英] 威廉·萨默塞特·毛姆","https://book.douban.com/subject/35140008/"
"雅思写作真经","3","2025/07/30","","2007/11","刘洪波","https://book.douban.com/subject/2984794/"
"GitHub入门与实践","2","2025/07/24","过于入门…","2015/7","[日] 大塚弘记","https://book.douban.com/subject/26462816/"
"契诃夫小说选","","2025/07/23","","2020/4","[俄] 契诃夫","https://book.douban.com/subject/34894615/"
"蒙马特遗书","","2025/07/23","补标","2021/7","邱妙津","https://book.douban.com/subject/35512888/"
"游戏设计快乐之道","3","2025/07/03","翻译很糟，虽然现在来看有点年代感但仍然有一定启发性。每次读这种游戏设计类型的书总会感觉其中很多想法很有共鸣，但到了真的想动手做点什么的时候又觉得自己一无所知了。","2015/10/1","科斯特 (Raph Koster)","https://book.douban.com/subject/27103933/"
"摄影师之眼","5","2025/03/25","","2012/6","[美] 约翰·萨考斯基","https://book.douban.com/subject/10759174/"
"Reader's Digest Complete Photography Manual","","2025/03/16","","October 23, 2000","Ailsa McWhinnie","https://book.douban.com/subject/3323647/"
"往复书简：初恋与不伦","4","2025/02/20","“所有的河都连在一起，你流进我，我流进你。”感谢好友赠书，而我居然时隔几年才发现封底夹着的来自北京的银杏叶。","2020/8","[日] 坂元裕二","https://book.douban.com/subject/34949694/"
"我妈笑了","5","2025/01/25","","2024/4","香特尔·阿克曼","https://book.douban.com/subject/36762055/"
"地下室手记","5","2025/01/05","其实读得痛苦，但又毫无办法地感觉到强烈的意识与极大的乐趣，字字句句都是狰狞扭曲的我自己。这本书以后还要一读再读。

“然而我还是深信，一个人绝不会拒绝真正的苦难，即绝不会拒绝破坏和混乱。痛苦——要知道，这是产生意识的唯一原因。起初我虽然说过，在我看来，意识乃是人的最大不幸，但是我也知道，人喜欢意识，绝不会用它来交换任何满足。”","2019/10/1","[俄] 陀思妥耶夫斯基","https://book.douban.com/subject/34826113/"
"达洛维夫人","5","2024/12/31","","2021/3","[英国] 弗吉尼亚·伍尔夫","https://book.douban.com/subject/35371802/"
"世界大笨蛋反叛手册（修订插图版）","","2024/12/20","“所谓笨蛋中心这样的所在，只要一经建成，便已经成功了。”所谓笨蛋反派手册这样的书，只要写成想必也算是一种成功吧！总之看得我！！满头都是叹号！！！","2018/2","松本哉","https://book.douban.com/subject/30152244/"
"欧美文学","5","2024/12/20","@2022-08-23 01:54:56","2009/8","王志耕","https://book.douban.com/subject/4260203/"
"查理九世1·黑贝街的亡灵","","2024/12/03","","2011/1","雷欧幻像","https://book.douban.com/subject/5912701/"
"查理九世2·恐怖的巫女面具","","2024/12/03","","2011/1","雷欧幻像","https://book.douban.com/subject/5912705/"
"查理九世7·青铜棺的葬礼","","2024/12/03","","2011/5","雷欧幻像","https://book.douban.com/subject/6390600/"
"查理九世5·恶魔医务室","","2024/12/03","","2011/5","雷欧幻像","https://book.douban.com/subject/6390599/"
"查理九世8·白骨森林","","2024/12/03","这本印象深刻","2011/5","雷欧幻像","https://book.douban.com/subject/6390602/"
"查理九世6·吸血鬼公墓","","2024/12/03","","2011/5","雷欧幻像","https://book.douban.com/subject/6390601/"
"查理九世19·厄运水晶头骨","","2024/12/03","","2013/5","雷欧幻像","https://book.douban.com/subject/24371376/"
"查理九世3·恶灵栖息的乌鸦城","","2024/12/03","印象深刻！","2011/1","雷欧幻像","https://book.douban.com/subject/5912709/"
"沉默的大多数","","2024/11/16","","2017/4","王小波","https://book.douban.com/subject/27013716/"
"皮皮鲁和红鼻子火车","","2024/11/03","","2007/03/01","郑渊洁","https://book.douban.com/subject/2044891/"
"荒诞联盟","","2024/10/17","","2022/9/15","[美] 约翰·肯尼迪·图尔","https://book.douban.com/subject/36093215/"
"孽子","4","2024/10/16","龙子和阿凤的感情总让我想起《牯岭街少年杀人事件》，于是忍不住一直边看边想小四在那之后会过怎样的生活——如果他还可以有之后的话。","2010/10","白先勇","https://book.douban.com/subject/5337254/"
"梦中的欢快葬礼和十二个异乡故事","5","2024/10/12","","2015/5/1","[哥伦比亚] 加西亚·马尔克斯","https://book.douban.com/subject/26276924/"
"素食者","4","2024/10/12","「姐……世上所有的樹都跟手足一樣。」","2023/5/8","韓江","https://book.douban.com/subject/36381779/"
"同聲同氣","3","2024/09/28","视角很好，有些故事蛮有意思，但这个论文真的是完整的吗？","2024/4","鄧芝珊","https://book.douban.com/subject/36846225/"
"达·芬奇密码","4","2024/09/27","","2004/2","[美] 丹·布朗","https://book.douban.com/subject/1040771/"
"曹雪芹的家族印記","","2024/09/24","大致看完了第一章","2022/5/9","黃一農","https://book.douban.com/subject/35897525/"
"红楼梦魇","","2024/09/24","大致读完，感觉只有反复读过各个版本红楼梦的人才能流畅阅读并会意。张爱玲的考据不仅也严谨广博，且不少地方都用创作者的思维评判，感觉比其他一些无聊的考据要有趣一些，不过感觉好零碎。","2019/8","张爱玲","https://book.douban.com/subject/33379245/"
"倾城之恋","5","2024/09/23","","2019/3","张爱玲","https://book.douban.com/subject/30294357/"
"隐谷路","5","2024/09/12","既是精神分裂症家族几十年内的家族史，也是漫长的伴随社会科技不断变化的精神分裂症治疗与研究史：从弗洛伊德的精神分析到五六十年代缺乏证据地责怪母亲导致精神疾病，再到《飞越疯人院》中成为一种权力与规训隐喻的精神病和对疾病本身的忽视，直到近几十年通过家族基因分析获得相对有突破的结果，但是“治疗一直都和疾病本身一样摧残健康”。
行文细致流畅，致谢表里密密麻麻的没有直接在正文中出现的被采访者令人感慨作者的严谨，读罢我只有震撼和感慨。顺带一提，总觉得好像国外很多作品中宗教总是与精神异常和性侵有关，还经常成为恐怖题材，感觉也是很有趣的议题🤔（虽然我对此基本毫无了解）。","2021/10","[美]罗伯特·科尔克","https://book.douban.com/subject/35599712/"
"南京大屠杀","5","2024/09/12","不忍看。记得高中自习课上读被老师没收，结果语文老师在讲台上也很认真地读起来了，之后还和我讨论了内容。","2015/8","[美]张纯如（Iris Chang）","https://book.douban.com/subject/26545308/"
"我的人生中经历过四次火灾","5","2024/09/11","","2024/3","异教陶瓷","https://book.douban.com/subject/36882781/"
"审判","5","2024/09/11","补标","2018/6","[奥地利]卡夫卡","https://book.douban.com/subject/30415637/"
"外婆的道歉信","","2024/09/11","补标","2017/5","[瑞典] 弗雷德里克·巴克曼","https://book.douban.com/subject/27029890/"
"夏日终曲","4","2024/09/11","补标，时间久远，现在已经记不清读完心情。“如果你什么都记得”。","2018/3","[美] 安德烈·艾席蒙","https://book.douban.com/subject/28659562/"
"守望之心","4","2024/09/11","童话的破灭。读于2021年2月","2017/2","[美] 哈珀·李","https://book.douban.com/subject/26909081/"
"我是个年轻人，我心情不太好","3","2024/09/11","补标，高中读的，很一般……","2019/9","[挪威] 阿澜·卢","https://book.douban.com/subject/34429342/"
"奥斯卡与玫瑰奶奶","","2024/09/11","补标，2021年1月读完，印象不深","2018/8","[法]埃里克-埃马纽埃尔·施米特","https://book.douban.com/subject/30244058/"
"德米安","4","2024/09/11","补标，2020/07/24读完，感觉对黑塞不是很感兴趣。","2014/7/1","[德]赫尔曼·黑塞","https://book.douban.com/subject/25902450/"
"河童","4","2024/09/11","2021年5月读完，蛮有意思的短篇集","2014/9","[日] 芥川龙之介","https://book.douban.com/subject/25923427/"
"海上花列传","","2024/09/11","现当代讨论课必读，当时和朋友们一起咬牙切齿地狠狠读完！","2016/1","韩邦庆","https://book.douban.com/subject/30258463/"
"死于黎明：洛尔迦诗选","","2024/09/11","读于2021年11月","2016/8","[西] 费德里科•加西亚•洛尔迦 （Federico García Lorca ）","https://book.douban.com/subject/26835830/"
"情人","5","2024/09/11","高中时反复读过","2009/8/1","（法）杜拉斯","https://book.douban.com/subject/3908240/"
"香水","4","2024/09/11","读于高中","2009/6","[德] 帕·聚斯金德","https://book.douban.com/subject/3815125/"
"面纱","3","2024/09/11","高中时借ssj的书读的，现在回想一下比较无感，不确定当时怎么想。","2016/7","[英]毛姆","https://book.douban.com/subject/26948879/"
"诗经译注","5","2024/09/11","","2016/5/1","程俊英","https://book.douban.com/subject/26851993/"
"马男波杰克：幕后艺术集","","2024/09/11","","2019/6","[美]克里斯•麦克唐纳","https://book.douban.com/subject/33458530/"
"顾城的诗","","2024/09/11","","2010/11/1","顾城","https://book.douban.com/subject/19967515/"
"斯普特尼克恋人","","2024/09/11","高中时借书，趁午休时间读完的。内容没什么想谈的但大学之后闲得没事买了一件优衣库联名UT，现在还在穿哈哈","2018/6","[日] 村上春树","https://book.douban.com/subject/3168468/"
"凛冬将至","3","2024/09/11","读于高考前夜（不想复习了因此挑灯夜读小说），因此印象略微深刻，不过整体来说无感。","2018/6/1","[澳]汉娜·肯特","https://book.douban.com/subject/30186020/"
"王小波真正大全集(套装共15册)","5","2024/09/11","高中反反复复反反复复读过","","王小波","https://book.douban.com/subject/31586478/"
"亲爱的L","5","2024/09/11","才发现居然有条目！家祭无忘告乃翁级别的绝产神作。","","Jae-五宝","https://book.douban.com/subject/30342230/"
"疼痛部","5","2024/09/04","乌格雷西奇用我最熟悉的学科的方式讲述了我近期最关注的地区的流亡史：断裂的国家和语言，虚构的纠缠的网。“去他的语言吧！我们只要说话！”","2023/5","[荷] 杜布拉夫卡·乌格雷西奇","https://book.douban.com/subject/36206462/"
"永远讲不完的童话","5","2024/09/02","小时候很爱看，而且我记得插画也很不错","2010年1月","(德)米切尔·恩德","https://book.douban.com/subject/4274281/"
"林汉达中国历史故事集","","2024/09/02","小时候反复读过","2009/2","林汉达","https://book.douban.com/subject/3623383/"
"清十二帝疑案","","2024/09/02","","2005/8","中央电视台《百家讲坛》栏目组 编","https://book.douban.com/subject/1426137/"
"权威探秘百科加强版·历史探秘","5","2024/09/02","小时候特别喜欢，因为图解很详细，记得反复读了好多遍。","2011/1","(英)乔伊斯·泰德斯利//菲利普·狄克逊|译者:李昊//冯超","https://book.douban.com/subject/5906609/"
"红瓦黑瓦","4","2024/09/02","","2005/3/1","曹文轩","https://book.douban.com/subject/1310025/"
"细米","4","2024/09/02","","2009/6","曹文轩","https://book.douban.com/subject/1505377/"
"马戏团","","2024/09/02","","2010年8月","曹文轩","https://book.douban.com/subject/4747036/"
"我的妈妈是精灵","4","2024/09/02","忘记是小学还是初中的必读书目","2011/5/1","陈丹燕","https://book.douban.com/subject/6720517/"
"置身事内","","2024/09/01","可能我真的天生就不适合学经济学吧，所有涉及这个领域的我都看一眼秒睡。","2021/8","兰小欢","https://book.douban.com/subject/35546622/"
"亚细亚的孤儿","","2024/09/01","平铺直叙、文字简练以至于如纲要。虽然借太明的经历串联起一段台湾历史，但又太浅尝辄止太过直白，难以引起太多触动，更多是那样的历史本身激起情感回荡。相比之下还是同名歌曲更隽永。","1986","吴浊流","https://book.douban.com/subject/3687743/"
"恶之花 巴黎的忧郁","","2024/09/01","","2020/7","[法] 夏尔·波德莱尔","https://book.douban.com/subject/34911998/"
"青春之歌","2","2024/08/27","呵呵","1958/1","杨沫","https://book.douban.com/subject/22676697/"
"永远的布谷鸟-最佳儿童文学读本（小学卷）","","2024/08/27","小时候看的","2008/6","方卫平 编","https://book.douban.com/subject/3119764/"
"为我唱首歌吧","","2024/08/27","","2008/6","方卫平 编","https://book.douban.com/subject/3119765/"
"荆棘鸟","","2024/08/27","小时候看的，印象深刻","1990/5","[澳]考琳.麦卡洛","https://book.douban.com/subject/1462160/"
"德龄公主","2","2024/08/27","小时候看的，感觉很假……","2004/05","徐小斌","https://book.douban.com/subject/1082108/"
"简·爱","","2024/08/27","","1980/7","[英] 夏洛蒂·勃朗特","https://book.douban.com/subject/1462161/"
"再见绘梨","4","2024/08/18","感谢赠书🥺","2023/1/1","[日] 藤本树","https://book.douban.com/subject/36122667/"
"蓦然回首","5","2024/08/10","","2022/8","[日本] 藤本树","https://book.douban.com/subject/35801543/"
"喧哗与骚动","5","2024/08/08","班，明亮的形体在他身边平稳地滑过，他嗅到树的气息。班吉明我晚年所生的被作为人质带到埃及去的儿子。忍冬是最残忍的味道我们必须保持清醒看着邪恶暂时得逞因此当我读到杰生的部分时我开始感到无法忍受地愤怒。羔羊的鲜血，他们在苦熬。","2020/4","[美] 威廉·福克纳","https://book.douban.com/subject/34983258/"
"R语言实战（第3版）","","2024/08/01","","2023/5/24","[美]罗伯特 · I. 卡巴科弗","https://book.douban.com/subject/36420926/"
"《少年巴比伦》（珍藏纪念版）","2","2024/07/20","简单模仿王小波，整体风格很网文。","2022/7","路内","https://book.douban.com/subject/36054044/"
"地图（人文版）","","2024/06/21","","2014/8","(波兰)亚历山德拉·米热林斯卡","https://book.douban.com/subject/25960141/"
"人山","4","2024/06/21","","2017/1/1","[法] 塞弗琳•戈捷 著","https://book.douban.com/subject/26980952/"
"当世界年纪还小的时候","5","2024/06/18","有些片段小时候读过，昨天缩在敦煌书局二楼的角落里把全书读完，感觉很喜欢（插画也很喜欢）。不知道为什么，一直觉得很多（不仅仅是这本书）看似欢乐无厘头的儿童短篇都有着淡淡的忧伤气息。","2006/10","[德] 于尔克·舒比格 著","https://book.douban.com/subject/1907739/"
"敦煌壁画漫谈","","2024/06/17","文章合集，处处是时代印记……读于敦煌书局。","2022/6","常书鸿","https://book.douban.com/subject/35916110/"
"七个贪吃小宝贝","","2024/06/17","","2016/5","[美]玛丽·安·霍伯曼","https://book.douban.com/subject/26781418/"
"macOS效率手册","1","2024/06/07","这么水居然也能出书…","2019/8/1","少数派","https://book.douban.com/subject/34454933/"
"The Secret Garden","","2024/05/25","","2002/2/26","Frances Hodgson Burnett","https://book.douban.com/subject/2966451/"
"秘密花园","","2024/05/25","在the longing中读到英文版第一段时，一下想起来小时候读过。印象很深刻的一本书！","2014/1","(美)弗朗西丝·霍奇森·伯内特 著","https://book.douban.com/subject/25880690/"
"纳博科夫诗集","","2024/03/25","下次再也不读这些中译外文诗集","2022/12","弗拉基米尔·纳博科夫","https://book.douban.com/subject/36150273/"
"苦妓回忆录","4","2024/03/25","","2015/3/1","加西亚·马尔克斯","https://book.douban.com/subject/26276279/"
"王小波全集 第六卷","5","2024/03/08","","2012/1","王小波","https://book.douban.com/subject/10199131/"
"穆旦诗集手稿本","5","2024/03/03","1937-1948","2022/9","穆旦","https://book.douban.com/subject/36126713/"
"我身在历史何处","4","2024/03/02","“就这样，一场巴尔干的狄俄尼索斯式的狂欢在我们的视线中渐渐远去了。”","2017/11","[塞尔维亚] 埃米尔·库斯图里卡","https://book.douban.com/subject/27187198/"
"Violet Bent Backwards Over the Grass","","2024/02/24","翻完了，感觉有些词句或许更适合唱出来","2020/9/29","Lana Del Rey","https://book.douban.com/subject/35141493/"
"怎样做文献综述","3","2024/02/24","有用但不多。","2020/6/1","[美] 劳伦斯·马奇 (Lawrence A. Marchi)","https://book.douban.com/subject/35114680/"
"芝加哥大学论文写作指南 (第8版)","4","2024/02/22","草草翻完，特别详细的论文格式指南。如果之后需要写英文论文可以再查看。","2015/9/1","[美] 凯特·L.杜拉宾","https://book.douban.com/subject/26629064/"
"离开学术界","4","2024/02/22","很真诚和实用的好书。很多情况下其实离开学术界都是基于统计数据做出的正确选择，但可能很多人都需要先转变观念（战胜放弃仿佛是“天职”的学术工作的羞耻感，和正确认识不同工作的意义与价值），然后付出大量的时间精力来实践。对于是否要这么做、如何做，作者给出了详细而不冗余的行动细则。对我来说很有帮助！","2023/9","[美]克里斯托弗·卡特林","https://book.douban.com/subject/36472064/"
"深度学习","2","2024/02/20","很烂","2019/4/1","柳若边","https://book.douban.com/subject/30771282/"
"神探狗狗1","","2024/02/19","好可爱的书","2019/7","[美] 戴夫·皮尔奇","https://book.douban.com/subject/34450525/"
"神探狗狗2","","2024/02/19","","2019/7","[美] 戴夫·皮尔奇","https://book.douban.com/subject/34450534/"
"Python Tricks","4","2024/02/07","通俗易懂","2017/10/25","Dan Bader","https://book.douban.com/subject/27193155/"
"逃离","5","2024/02/06","","2016/10","[加] 艾丽丝·门罗","https://book.douban.com/subject/26863797/"
"梦的花嫁","2","2024/01/21","补标，逛西南村廉价书店又看见这本，想起高中时借同学买的书阅读过，只记得很烂。","2018/3","[日] 岩井俊二","https://book.douban.com/subject/27666853/"
"失乐园","","2024/01/21","","2014/6","[日]渡边淳一","https://book.douban.com/subject/25891771/"
"夜行记","5","2024/01/21","高中买于路人书店","2018/2/1","王小波","https://book.douban.com/subject/27116279/"
"不能承受的生命之轻（新）","5","2024/01/21","补标，高中时反复读过。","2017/1/1","[捷克] 米兰·昆德拉","https://book.douban.com/subject/26877993/"
"寂静的春天","","2023/11/16","","2007","[美] 蕾切尔·卡森","https://book.douban.com/subject/2350407/"
"Python编程","5","2023/11/08","引人入胜、阐释清晰，比某死记硬背忽略应用的教材真的好太多。 后面的项目很不错，第三版有更新。","2020/10","[美]埃里克·马瑟斯（Eric Matthes）","https://book.douban.com/subject/35196328/"
"Python Crash Course, 3rd Edition","5","2023/11/08","","2023/1","Eric Matthes","https://book.douban.com/subject/36235056/"
"普通话水平测试实施纲要","3","2023/10/26","大略扫了几眼，朗读部分有些标音并不符合日常口语的变调习惯。","2004/1","国家语言文字工作委员会普通话培训测试中心","https://book.douban.com/subject/1058771/"
"上海胶囊","","2023/10/22","","2022/1","btr","https://book.douban.com/subject/35685644/"
"丰富的痛苦","","2023/10/22","","2015/5/1","钱理群","https://book.douban.com/subject/26184691/"
"卡波蒂短篇小说全集","5","2023/10/22","补标，2021年底读完","2012/11","(美)杜鲁门·卡波蒂","https://book.douban.com/subject/15047243/"
"好笑的爱","4","2023/10/15","","2022/9","米兰·昆德拉","https://book.douban.com/subject/35914069/"
"Python高级数据分析","2","2023/10/13","","2019/1/1","[印] 萨扬·穆霍帕迪亚（Sayan Mukhopadhyay）","https://book.douban.com/subject/30772568/"
"罪孽的报应","2","2023/10/02","好题目，但写得很差。","2018/1","[荷] 伊恩·布鲁玛","https://book.douban.com/subject/27662698/"
"玩笑","5","2023/09/30","“错根本不在这些东西上。但错实在太大了，它的阴影已经把一个由无辜的事物（和词汇）所构成的整个世界范畴统统笼罩在里面还远嫌不足，还把它们全都蹂躏了。露茜和我，都生活在一个被蹂躏的世界里，我们不懂得同情这个世界，却是疏远这个世界，既加剧这个世界的不幸也加剧我们的痛苦。
露茜，你被爱得那么强烈，可又被爱得那么拙劣，在这么多年以后你来到我面前要告诉我的就是这句话吧？你是来替一个被蹂躏的世界说情的吧？”","2022/4/30","米兰·昆德拉","https://book.douban.com/subject/35764762/"
"现代中国文学1898—1949","","2023/09/26","","2015/11","乔以钢","https://book.douban.com/subject/30617725/"
"永别了，武器","4","2023/09/14","","2011/5/1","[美]海明威","https://book.douban.com/subject/6313497/"
"鬼吹灯1：精绝古城","3","2023/09/14","小学的时候看的，记得是每天拿着我爸那个只能玩五子棋的需要笔来触屏的手机点点点读完的，其实挺不错！","2016/1/1","天下霸唱","https://book.douban.com/subject/26676577/"
"数字人文","3","2023/09/12","","2018/1","［美］安妮·伯迪克","https://book.douban.com/subject/28012215/"
"Tone","","2023/09/04","粗略翻完。","2002/09/30","Moira Yip","https://book.douban.com/subject/4066205/"
"书淫艳异录（全二册）","3","2023/09/04","录事淫异，笔法干净。虽有不少时代局限，仍然是好书。最有趣部分仍是古人笑话哈哈哈","2013/1","叶灵凤","https://book.douban.com/subject/20458907/"
"临界·爵迹 Ⅱ","","2023/07/15","垃圾书","2011/1","郭敬明","https://book.douban.com/subject/4920036/"
"临界·爵迹 I","","2023/07/15","上初中的时候闲得没事同桌借我看的。","2010/8","郭敬明","https://book.douban.com/subject/4920037/"
"To Kill a Mockingbird","","2023/07/11","此书纸质版已经成为我的丢而复得但早已补办后被冻结的学子卡保存处。","1988/10/11","Harper Lee","https://book.douban.com/subject/1408193/"
"Python语言数据分析","3","2023/06/23","感觉没什么意思，nltk使用说明书（不如直接去看nltk官网）。","","管新潮","https://book.douban.com/subject/35494712/"
"客家研究导论","","2023/06/16","","1992.1","罗香林","https://book.douban.com/subject/3271055/"
"The Handbook of Phonetic Sciences","5","2023/06/16","粗略翻完，覆盖面比较广，引用文献相当详细，适合抓住一些有趣的点顺藤摸瓜。最后语音技术部分需要重看。","2010/3/8","Hardcastle, William J.; Laver, John; Gibbon, Fiona E.","https://book.douban.com/subject/5915913/"
"Cambridge IELTS 5 Self Study Pack","","2023/06/15","","2006/06/15","Cambridge ESOL","https://book.douban.com/subject/1827595/"
"数据科学导论","3","2023/06/14","太简略了。","2016/8/10","阿尔贝托·博斯凯蒂","https://book.douban.com/subject/26901472/"
"数据科学导论","3","2023/06/14","好读，但是仅此而已。","2014/3/1","杨旭","https://book.douban.com/subject/25879777/"
"小城畸人","4","2023/06/04","平淡温情的街巷故事。真理把人变成畸人，但如果听他们讲述自己的故事，畸人都只是人。","2019/8/12","[美] 舍伍德·安德森","https://book.douban.com/subject/34663078/"
"艰难的归程","4","2023/05/15","小时候读的，不知道为什么很喜欢边读这本边吃零食","2008/8","牧铃","https://book.douban.com/subject/3192130/"
"天蓝色的彼岸","","2023/05/11","小学看的","2003/12","艾利克斯・希尔","https://book.douban.com/subject/1041128/"
"棋王","","2023/05/05","","2019/4","阿城","https://book.douban.com/subject/30330181/"
"寂寞芳心小姐","4","2023/04/27","人人都是自己的寂寞芳心小姐。","2019/1","[美] 纳撒尼尔·韦斯特（Nathaniel West）","https://book.douban.com/subject/30390006/"
"万水千山走遍","3","2023/04/26","初中读过，一般","2011/7/1","三毛","https://book.douban.com/subject/6558709/"
"逻辑学是什么","2","2023/03/22","太浅","2015/9/10","陈波","https://book.douban.com/subject/26421241/"
"弗兰基的蓝色琴弦","4","2023/03/13","高中自习看这本还被教导主任抓了…","2017/11","[美] 米奇·阿尔博姆","https://book.douban.com/subject/27147211/"
"自然语言处理综论（第二版）","2","2023/02/21","翻译非常之差，错译随处可见。而且中文版有符号脱漏。建议直接读英文原版或者对读。","2018/3/1","Daniel Jurafsky(D. 朱夫斯凯)","https://book.douban.com/subject/30195974/"
"沙之书","5","2023/02/21","","2015/7","[阿根廷] 豪·路·博尔赫斯","https://book.douban.com/subject/25796049/"
"笨蛋联盟","4","2023/02/16","荒诞讽刺，阅读体验极佳，感觉我的幽门状况日趋良好。","2011/5/1","(美)约翰·肯尼迪·图尔","https://book.douban.com/subject/6021095/"
"姜夔与合肥及交游考","3","2023/01/28","一般 @2022-06-30 20:57:45","2009/4","吴莺莺","https://book.douban.com/subject/26375258/"
"春雪","4","2023/01/28","面对禁忌的美丽的一场纯洁的冒渎、声势浩大的企图与徒劳的结束。明明可以轻易拥有美好，却一定要不顾一切地奔赴短暂的极致绚烂与晦暗的自毁，真是典型的三岛风格和日式美学。
“如果说这样的生存方式终于把他引入欢喜的黑暗的旋涡，那么最后只得葬身于深渊之中了。”
深渊之中，想必有深海般的喜悦。 @2022-07-15 19:23:02","2020/12","[日] 三岛由纪夫","https://book.douban.com/subject/35290865/"
"雅思词汇真经","3","2023/01/28","感觉一般😢 @2022-09-17 11:04:41","2018/11/1","刘洪波","https://book.douban.com/subject/30442272/"
"金阁寺","","2023/01/25","","2009/1","[日] 三岛由纪夫","https://book.douban.com/subject/3391248/"
"蒂凡尼的早餐","4","2023/01/16","补标，高中所读（是zqc送我的生日礼物）。夏日十字路口也挺喜欢的，这两篇卡波特个人风格都很明显。","2015/5","[美] 杜鲁门·卡波特","https://book.douban.com/subject/26298561/"
"万有汉字","2","2023/01/10","图文并茂，竖版繁体，排版漂亮，然而错漏百出。","2018/9","何大齐 著","https://book.douban.com/subject/30329948/"
"西线无战事","5","2023/01/09","","2021/1","[德] 埃里希·玛丽亚·雷马克","https://book.douban.com/subject/35272817/"
"叙述学与小说文体学研究","5","2023/01/05","","2019/5","申丹","https://book.douban.com/subject/34261895/"
"唐诗三论","4","2023/01/05","","2013/10","高友工","https://book.douban.com/subject/25750202/"
"洗牌年代","3","2022/12/31","素材集，宜配合《繁花》阅读。这种风格不知道该说是繁复之美还是堆砌——记得有篇写“上海小男人”，格局大概如此。 @2022-11-13 01:21:34","2021/6","金宇澄","https://book.douban.com/subject/35458441/"
"看画小记","3","2022/12/31","最明显的感觉是叹号过多，修辞夸张。装帧挺精美，但是排版并不好，而且内容很散漫，完全不够充实和专业，翻一翻看看画得了。 @2022-11-12 18:52:45","2021/9","陆绍阳","https://book.douban.com/subject/35543468/"
"大师和玛格丽特","5","2022/12/31","@2022-10-10 23:29:19","2019/9","[俄] 布尔加科夫","https://book.douban.com/subject/34455885/"
"吴语声调的实验研究","4","2022/12/31","@2022-10-10 03:38:35","2001年1月1日","游汝杰","https://book.douban.com/subject/1547615/"
"仙症","4","2022/12/31","亲切而生猛 @2022-09-24 15:59:12","2020/10","郑执","https://book.douban.com/subject/35216559/"
"鲜血梅花","3","2022/12/31","实验写作 @2022-09-12 13:29:25","2017/12","余华","https://book.douban.com/subject/20426710/"
"平原上的摩西","4","2022/12/31","正如结尾那篇效仿王小波的《我的师承》所言，处处皆是其他作家的影子。当然有些地方还蛮有味道的，那个时代的东北本身就有克制而汹涌的力量。 @2022-09-05 23:54:45","2021/4","双雪涛","https://book.douban.com/subject/35192665/"
"韩非子译注","2","2022/12/31","韩非看起来是要冷峻讲理，其实逻辑处处漏洞。然后就是这翻译一股百度味儿。 @2022-08-27 11:03:16","2012/8/1","张觉","https://book.douban.com/subject/11520723/"
"没有人给他写信的上校","5","2022/12/31","@2022-07-27 11:20:19","2013/5","[哥伦比亚] 加西亚·马尔克斯","https://book.douban.com/subject/20392523/"
"欲望的旗帜","2","2022/12/31","通篇只有一个人在说话，只不过换了人名而已。人物塑造近乎于无。对于权力与欲望的暗示由于明显而给人肤浅之感。
此外，太多地方都在拙劣地模仿昆德拉和卖弄一些哲学名词，又笔力不足，读来每每觉得促襟见肘。只能说是一次形式大于内容的“先锋”（并不）书写而已，但是中长的篇幅让人觉得无聊而冗余……
借悬疑之名吸引读者，最后草草收尾。整篇小说烂得像有意为之。 @2022-07-13 10:36:39","2020/1","格非","https://book.douban.com/subject/34841771/"
"达摩流浪者","5","2022/12/31","之前好像忘记标注了 @2022-07-07 19:25:09","2021/5","[美] 杰克·凯鲁亚克","https://book.douban.com/subject/35369646/"
"姜白石詞編年箋校","5","2022/12/31","高山仰止 @2022-06-30 20:58:57","1981/5","姜夔","https://book.douban.com/subject/3004348/"
"姜白石词笺注","4","2022/12/31","野云孤飞 @2022-06-17 14:21:52","2013/1","[宋]姜夔 著","https://book.douban.com/subject/21722400/"
"姜夔资料汇编","4","2022/12/31","@2022-06-30 20:57:10","2011/11","贾文昭 编","https://book.douban.com/subject/6977758/"
"人间词话汇编汇校汇评(增订本)","4","2022/12/31","汇编资料翔实，各部分均有对应（特别是几位大家），整理这么多想必颇耗费功夫…总之很有利于作为论文参考。对王国维原文倒没什么滤镜，借了点西方理论的一家之言罢了。姜夔好惨。 @2022-06-17 14:18:55","2013/9","王国维","https://book.douban.com/subject/25735281/"
"《宋书》复音词研究","","2022/12/31","（中古汉语复音词研究） @2022-06-16 13:23:05","2006/9","万久富","https://book.douban.com/subject/1928329/"
"敦煌诗歌词汇研究","3","2022/12/31","","2013","洪帅","https://book.douban.com/subject/25856930/"
"社会语言学引论","5","2022/12/31","相当好的书！！文献翔实还有超多思考题，比国内一些教科书稍丰富点。 @2022-06-10 09:45:53","2009","Ronald Wardhaugh","https://book.douban.com/subject/3728600/"
"在细雨中呼喊","5","2022/12/31","通篇看来，印象最深的词是“蓬勃”。用疏离却渴望温情的、成长中生机勃发的小男孩之视角写最荒诞的真实，真实以外则是永恒般的时间/生命/历史之思。成熟的先锋长篇，一个时代的结束。 @2022-06-08 02:10:54","2012/11/1","余华","https://book.douban.com/subject/20421947/"
"音韻學教程（第五版）","","2022/12/31","唉……","2016/5/1","唐作藩","https://book.douban.com/subject/26838113/"
"九故事","5","2022/12/28","","2018/10","[美] J. D. 塞林格","https://book.douban.com/subject/26905155/"
"抬高房梁，木匠们；西摩：小传","","2022/12/28","","2018/10","[美] J. D. 塞林格","https://book.douban.com/subject/26905153/"
"米格尔街","4","2022/12/28","补标","2013/7","(英)V.S.奈保尔","https://book.douban.com/subject/21346008/"
"春雪","4","2022/12/28","","2010/8","[日] 三岛由纪夫","https://book.douban.com/subject/3987362/"
"忽然七日","3","2022/12/28","一本平庸的青春小说，但还是谢谢把这本书送给我的人。","2015/7","[美] 劳伦·奥利弗","https://book.douban.com/subject/5391766/"
"故事新编","5","2022/12/28","高中在宿舍午休时翻来覆去读过无数遍这本，最喜欢《铸剑》。","2015/1/1","鲁迅","https://book.douban.com/subject/26285194/"
"我是猫","4","2022/12/28","","2007/3","[日]夏目漱石","https://book.douban.com/subject/2046977/"
"摆渡人","3","2022/12/28","高中看的，就很一般…","2015/6/1","[英]克莱儿·麦克福尔","https://book.douban.com/subject/26356948/"
"摆渡人2重返荒原","2","2022/12/28","也是高中看的，极差。","2017/9","【英】克莱儿·麦克福尔","https://book.douban.com/subject/27134325/"
"知更鸟女孩","3","2022/12/28","当年有一阵光爱看白马时光的书…看完就后悔领悟：多数都是很庸俗无趣的垃圾青春文学🙊","2016/5","[美] 查克·温迪格","https://book.douban.com/subject/26707942/"
"杜可風春光乍洩攝影手記","4","2022/12/25","格式乱糟糟的电子版，总觉得杜可风应该擦一擦镜头。感想就是哥哥和伟仔随便一个模糊的侧脸都好帅，张震当年好纯……","1997年5月","杜可風(Christopher Doyle)","https://book.douban.com/subject/1358395/"
"小狗钱钱","4","2022/12/25","好像是小学的时候读的","2009/2/1","[德] 博多·舍费尔","https://book.douban.com/subject/3576486/"
"语音平面实验录","4","2022/12/25","","2012/12","石锋","https://book.douban.com/subject/22145755/"
"语言学的邀请","3","2022/12/19","补标，一般。 @2022-11-30 23:25:48","2015/7","[美] 塞缪尔·早川","https://book.douban.com/subject/26431646/"
"在路上","5","2022/12/19","一切都在土崩瓦解","2006/10","[美] 杰克·凯鲁亚克","https://book.douban.com/subject/1917972/"
"牯岭街少年杀人事件","3","2022/12/18","一般","2020/5/1","吴淡如","https://book.douban.com/subject/34826535/"
"暗算","","2022/12/13","小时候看的，感觉其实还行","2006/7","麦家","https://book.douban.com/subject/1858594/"
"温州话音档","","2022/12/12","","1998/12","潘悟云","https://book.douban.com/subject/4160769/"
"罪与罚","5","2022/12/11","一体两面的拉斯科尔尼科夫与斯维德里加依洛夫让人觉得饶有趣味；全程疯人般的呓语与复调叙事也很陀翁。阅读中最苦恼的就是人名又多又长，读到结尾真是各种意义上的感觉到救赎。","2015/1","[俄] 陀思妥耶夫斯基","https://book.douban.com/subject/25887912/"
"果戈理全集","","2022/06/02","ddl战士是我本人","2002/5","[俄]果戈理","https://book.douban.com/subject/1430652/"
"老子今研","5","2022/06/01","高山仰止","2021/3","裘锡圭","https://book.douban.com/subject/35219509/"
"拉奥孔","5","2022/06/01","忘记标注","1979/12","[德]莱辛","https://book.douban.com/subject/1075540/"
"中国现代文学三十年","5","2022/06/01","","1998/7","钱理群","https://book.douban.com/subject/1066627/"
"彼得·潘","5","2022/06/01","是我最爱的童话","2017/7","【英】詹姆斯·马修·巴利（James Matthew Barrie）","https://book.douban.com/subject/27046206/"
"青黄","4","2022/06/01","边看边意识到原来《青黄》一篇之前读过，读时于是又多了一重记忆的追寻。说是先锋，研究也多从叙事学符号学等等解构，我倒觉得《青黄》很有点寻根色彩，更多是个人与历史关系之隐喻。","2001/09","格非","https://book.douban.com/subject/1260076/"
"褐色鸟群","","2022/06/01","哈哈哈哈哈哈哈哈哈哈，短评第一说得好","1989.2","格非","https://book.douban.com/subject/1766120/"
"南京大屠杀","","2022/05/23","高一课余阅读，毛骨悚然，极心痛。","2013/1","[美] 张纯如","https://book.douban.com/subject/20440053/"
"普通化学原理","","2022/05/23","化竞记忆（记得那本书上好多签名）…","2013/6/1","华彤文","https://book.douban.com/subject/25765863/"
"文革大笑话","","2022/05/16","看的是《文革笑料集》。“你们笑什么？你们笑你们自己。”","1993/6/1","刘济昆","https://book.douban.com/subject/2040881/"
"时生","3","2022/05/15","补标，高中看的。实在一般。","2010/1","[日]东野圭吾","https://book.douban.com/subject/4152754/"
"现实一种","5","2022/05/14","残忍到极致时居然产生一种整体的“漂亮”。《一九八六》不仅是语言的残忍（华丽的残忍），还有叙事的残忍。前两篇稍微“干净”一点，让我联想起很多说不上名字的当代作家。架构上往往回环。除了残忍，疯或精神错乱也极有趣。","2012/9","余华","https://book.douban.com/subject/20406553/"
"废都","3","2022/05/10","老师讲课时刻勾起糟糕的阅读体验回忆，颓废的世纪末啊… @2022-06-08 11:15:45","2009/7/1","贾平凹","https://book.douban.com/subject/3886832/"
"十八岁出门远行","5","2022/05/10","","1989","余华","https://book.douban.com/subject/2237621/"
"棋王·树王·孩子王","4","2022/04/30","“据实描写荒诞，结果必然就是现实。”","2016/3/1","阿城","https://book.douban.com/subject/26734559/"
"马桥词典","4","2022/04/30","套在“词典”式叙事框架下的寻根文学，用方言词汇串联起碎而连贯的几代人故事。中学时还挺喜欢。若此框架是原创可打五星……","2011/12/1","韩少功","https://book.douban.com/subject/6423164/"
"古典文献及其利用（第五版）","5","2022/04/29","杨琳老师真的厉害👍（虽然上课我永远走神）","2021/10","杨琳","https://book.douban.com/subject/35632512/"
"拉奥孔","","2022/04/29","","2016/5","[德] 莱辛","https://book.douban.com/subject/26830768/"
"小径分岔的花园","5","2022/04/28","叙事实验与诸多哲思糅合，博尔赫斯牛逼。","2015/7","[阿根廷] 豪·路·博尔赫斯","https://book.douban.com/subject/25796120/"
"ABC谋杀案","","2022/04/28","小时候看过，细节已经记不清，就记得挺有意思。","2013/6","(英)阿加莎·克里斯蒂","https://book.douban.com/subject/24737009/"
"德语课","4","2022/04/24","高中读的，很不错一书。","2013/3","〔德〕西格弗里德·伦茨","https://book.douban.com/subject/21751338/"
"一个人的村庄","4","2022/04/24","","2006/1","刘亮程","https://book.douban.com/subject/1692648/"
"精神明亮的人","3","2022/04/24","高中时都嫌弃，不过有些字句用在作文里不错，毕竟阅卷老师审美有限。","2009/1","王开岭","https://book.douban.com/subject/3651646/"
"萤火虫小巷","3","2022/04/23","很美国","2015/11","[美]克莉丝汀·汉娜","https://book.douban.com/subject/26642866/"
"再见，萤火虫小巷","3","2022/04/23","唉……","2016/9/1","[美] 克莉丝汀·汉娜","https://book.douban.com/subject/26844525/"
"唐诗三百首（中英文对照）","4","2022/04/20","也好也不好","2007/1","许渊冲  译","https://book.douban.com/subject/2025683/"
"第七天","","2022/04/15","","2013/6","余华","https://book.douban.com/subject/24540864/"
"《堂吉诃德》讲稿","5","2022/04/15","上学期读了一大通各家论著，纳先生算比较有趣的一位。","2018/6/1","[美] 弗拉基米尔·纳博科夫","https://book.douban.com/subject/27112662/"
"洛丽塔","5","2022/04/15","很早前就看完了中英文版（英文版写得好精巧，就是读来很吃力），来补标。对我来说这种作品是没办法赏析的，评论家们可以把玩其中叙事学或隐喻，可我只能沉默，想起那朦胧的逝去的幻影。","2005/12","[美] 弗拉基米尔·纳博科夫","https://book.douban.com/subject/1465324/"
"怎样鉴别黄色歌曲","","2022/04/15","去年清理电脑内存的时候意外发现这本书的pdf，读时全程问号，但又很喜人。","1982/6","《人民音乐》编辑部","https://book.douban.com/subject/1963786/"
"时代广场的蟋蟀","5","2022/04/15","童年经典","2003/09","(美)乔治·塞尔登","https://book.douban.com/subject/1056707/"
"神奇校车-穿越飓风","5","2022/04/13","很小很小的时候看的，最早的“科学”启蒙","2011/1","乔安娜 柯尔（图）","https://book.douban.com/subject/10459904/"
"神奇校车-海底探险","","2022/04/13","","2011/1","乔安娜·柯尔","https://book.douban.com/subject/19954989/"
"神奇校车-漫游电世界","5","2022/04/13","","2011/1","乔安娜•柯尔 著","https://book.douban.com/subject/5906937/"
"神奇校车-迷失在太阳系","5","2022/04/13","","2011/1","乔安娜·柯尔","https://book.douban.com/subject/20374951/"
"神奇校车-探访感觉器官","5","2022/04/13","这本印象深刻","2011/1","[美国] 乔安娜·柯尔","https://book.douban.com/subject/10804980/"
"神奇校车-地球内部探险","5","2022/04/13","","2011/1","[美国] 乔安娜·柯尔","https://book.douban.com/subject/20387622/"
"神奇校车-奇妙的蜂巢","5","2022/04/13","","2011/1","乔安娜·柯尔","https://book.douban.com/subject/19995551/"
"神奇校车图画版1","","2022/04/13","","2011/1","乔安娜·柯尔","https://book.douban.com/subject/10804981/"
"旅行中的文学课","4","2022/04/13","支持一下卢老师。","2020/9","卢桢","https://book.douban.com/subject/35169233/"
"鹿川有许多粪","5","2022/04/13","借描绘民主化运动的意识形态矛盾交织，用粗砺的痛苦的一系列人生故事发问：“如何生活”。多有共鸣，读罢无言。","2021/8","李沧东","https://book.douban.com/subject/35517022/"
"聊天记录","3","2022/04/13","很久之前看的，被夸得天花乱坠，边看边自我怀疑。作者很聪明，但这本书实在是被过誉了。语言犀利但不深刻，处处彰显自己的聪明反而让人觉得匠气。","2019/7/22","[爱尔兰] 萨莉·鲁尼","https://book.douban.com/subject/33422832/"
"欧也妮·葛朗台","","2022/04/06","","2003/01","（法）巴尔扎克","https://book.douban.com/subject/1083476/"
"革命时期的爱情","5","2022/04/04","高中匆匆读罢，今日重读，又有新味。","2017/4","王小波","https://book.douban.com/subject/27013746/"
"反抗者","","2022/04/04","","2018/11","[法] 加缪","https://book.douban.com/subject/27619043/"
"新编社会语言学概论","","2022/04/01","","2013/6","祝畹瑾 主编","https://book.douban.com/subject/25728822/"
"重走","4","2022/04/01","","2021/5","杨潇","https://book.douban.com/subject/35436901/"
"卡卡颂 Carcassonne","4","2022/04/01","老少咸宜的拼图式桌游游戏，人多了就是玩个乐呵，两三个人就是运气+计算+博弈。挺经典的。","2000","Klaus-Jurgen Wrede","https://book.douban.com/subject/3010560/"
"树与石","5","2022/04/01","永远的怪诞回忆与最初的文学启蒙。","1996/01","格非","https://book.douban.com/subject/1393950/"
"文学的邀约","4","2022/04/01","","2010/04","格非","https://book.douban.com/subject/4819570/"
"迷舟","4","2022/04/01","去掉武则天那篇就是树与石。","2020/8","格非","https://book.douban.com/subject/34907986/"
"似水柔情","5","2022/04/01","不知道该不该说抱歉，可我永远记得那双眼睛。","2018/7","王小波","https://book.douban.com/subject/30216760/"
"一个神秘的文学天才路翎","5","2022/03/31","资料翔实，视野开阔。","1997/01","刘挺生","https://book.douban.com/subject/1000521/"
"洼地上的“战役”","4","2022/03/31","对路翎来说一般，对十七年来说无出其右。","2009/8","路翎著","https://book.douban.com/subject/4032987/"
"史记（全四册）","","2022/03/31","","2011/1/1","司马迁","https://book.douban.com/subject/5403728/"
"长袜子皮皮","","2022/03/30","","1999/3","[瑞典] 阿斯特丽德·林格伦","https://book.douban.com/subject/1004088/"
"德米安","4","2022/03/30","","2009/3","[德] 赫尔曼·黑塞","https://book.douban.com/subject/3578470/"
"海蒂","4","2022/03/30","","2006/9","约翰娜·斯比丽","https://book.douban.com/subject/1912993/"
"超拔与悲怆——路翎小说研究","3","2022/03/30","只能说是平平无奇","2017/8/30","周荣","https://book.douban.com/subject/27133369/"
"活着为了讲述","4","2022/03/26","在这里再次感谢四十九女士🧸","2015/11/1","[哥伦比亚] 加西亚·马尔克斯","https://book.douban.com/subject/26657570/"
"世上最美的溺水者","5","2022/03/26","海底最深处，那里的鱼都是瞎子，潜水的人死于乡愁。","2015/11/1","[哥伦比亚] 加西亚·马尔克斯","https://book.douban.com/subject/26628811/"
"爱情和其他魔鬼","5","2022/03/26","“当我停下来凝视自己，回望那条你带我走过的路时——”她背诵道，随后又淘气地问道：“接下来呢？” “我到达了我的终点，因为我已义无反顾地投身于那个毁灭我终结我的人。”他接了下去。她用同样温柔的语气重复着这些诗句，他们就这样一会儿从这一句跳到另一句，一会儿又一起把那些十四行诗改得面目全非随心所欲地拿一句句的诗做起游戏，自如得就像他们是这些诗句的作者一样。","2015/11","[哥伦比亚] 加西亚·马尔克斯","https://book.douban.com/subject/26451351/"
"鸟道","5","2022/03/26","","2015/1","周梦蝶","https://book.douban.com/subject/26310686/"
"诗学","5","2022/03/26","","1996/7","[古希腊] 亚里士多德","https://book.douban.com/subject/1036446/"
"悲剧的诞生","5","2022/03/26","","2012/6","[德]尼采","https://book.douban.com/subject/11232671/"
"二十世纪中国文学三人谈·漫说文化","4","2022/03/26","","2004/8","钱理群","https://book.douban.com/subject/1184041/"
"蒙马特遗书","4","2022/03/24","","2012/8/15","邱妙津","https://book.douban.com/subject/11527634/"
"她是女子，我也是女子","","2022/03/24","","1994/10","黃碧雲","https://book.douban.com/subject/1458164/"
"弗兰妮与祖伊","5","2022/03/23","","2018/10","[美] J. D. 塞林格","https://book.douban.com/subject/26905154/"
"抬高房梁，木匠们；西摩：小传","5","2022/03/23","","2009/1","[美] J.D.塞林格","https://book.douban.com/subject/3438303/"
"一只特立独行的猪","5","2022/03/23","","2006/4","王小波","https://book.douban.com/subject/1767945/"
"小行星掉在下午","4","2022/03/22","","2019/12","沈大成","https://book.douban.com/subject/34907855/"
"屡次想起的人","4","2022/03/22","","2017/6","沈大成","https://book.douban.com/subject/27070201/"
"元素周期表","5","2022/03/22","#奇怪的“读过”书目标注","2013/12/1","杜玲","https://book.douban.com/subject/26415017/"
"惊人的假说","3","2022/03/20","意识 就在现在！","2004/01","（英）弗朗西斯·克里克","https://book.douban.com/subject/1001292/"
"万物静默如谜","4","2022/03/19","","2016/8","［波］维斯拉瓦·辛波斯卡","https://book.douban.com/subject/26421126/"
"漂亮朋友","","2022/03/18","","2010/4","莫泊桑","https://book.douban.com/subject/4897629/"
"2001：太空漫游","","2022/03/18","","2019/4/10","[英] 阿瑟·克拉克","https://book.douban.com/subject/30471298/"
"白天的房子，夜晚的房子","","2022/03/18","","2017/12","[波兰] 奥尔加·托卡尔丘克","https://book.douban.com/subject/27131538/"
"冬泳","","2022/03/18","","2018/9","班宇","https://book.douban.com/subject/30362170/"
"组织部来了个年轻人","3","2022/03/15","","2021/3","王蒙","https://book.douban.com/subject/35455394/"
"丰富的痛苦","5","2022/03/12","","2007/1","钱理群","https://book.douban.com/subject/1974714/"
"1948：天地玄黄","5","2022/03/11","","2015/5","钱理群","https://book.douban.com/subject/25907862/"
"企鹅的忧郁","4","2022/02/28","","2019/9/9","[乌克兰] 安德烈·库尔科夫","https://book.douban.com/subject/34461202/"
"假面的告白","5","2022/02/24","","2021/3","[日]三岛由纪夫","https://book.douban.com/subject/35365846/"
"语言学概论 (博雅语言学教材系列)","5","2022/02/15","","2008","王红旗","https://book.douban.com/subject/3226136/"
"母亲·在医院中","3","2022/02/15","","2006/8","丁玲","https://book.douban.com/subject/1911527/"
"憩园","3","2022/02/15","对巴金完全不感兴趣","1988/2/1","巴 金","https://book.douban.com/subject/1222090/"
"这些年我们的精神裂变","4","2022/02/15","","2013/9","周志强","https://book.douban.com/subject/25699577/"
"纳闷集","4","2022/02/15","","2020/6","匡扶","https://book.douban.com/subject/35041581/"
"回答不了","4","2022/02/15","好喜欢","2018/10","匡扶","https://book.douban.com/subject/30336863/"
"金阁寺","5","2022/02/11","","2021/1/12","[日] 三岛由纪夫","https://book.douban.com/subject/35290985/"
"断鸿零雁记","4","2022/02/11","","1934/1","苏曼殊","https://book.douban.com/subject/1469610/"
"汤姆·索亚历险记","5","2022/01/15","","2007/7","(美)马克·吐温","https://book.douban.com/subject/2193881/"
"哈克贝里·芬历险记","5","2022/01/15","","2006/8","马克·吐温","https://book.douban.com/subject/1914223/"
"机械复制时代的艺术","5","2021/12/14","","2006/10","[德国] 瓦尔特·本雅明","https://book.douban.com/subject/1960256/"
"白银时代","4","2021/12/08","","1997/5","王小波","https://book.douban.com/subject/1082150/"
"万寿寺","5","2021/12/08","","2006/3","王小波","https://book.douban.com/subject/1763806/"
"爱你就像爱生命","4","2021/12/08","","2017/9","王小波","https://book.douban.com/subject/27111096/"
"倾城之恋","5","2021/12/08","","2006/12","张爱玲","https://book.douban.com/subject/1985223/"
"福尔摩斯探案全集（上中下）","3","2021/12/08","","1981/8","[英] 阿·柯南道尔","https://book.douban.com/subject/1040211/"
"撒哈拉的故事","4","2021/12/08","","2003/8","三毛","https://book.douban.com/subject/1060068/"
"追风筝的人","3","2021/12/08","","2006/5","[美] 卡勒德·胡赛尼","https://book.douban.com/subject/1770782/"
"沉默的大多数","5","2021/12/08","","1997/10","王小波","https://book.douban.com/subject/1054685/"
"月亮和六便士","4","2021/12/08","","2006/8","[英] 毛姆","https://book.douban.com/subject/1858513/"
"杀死一只知更鸟","5","2021/12/08","","2012/9","[美] 哈珀·李","https://book.douban.com/subject/6781808/"
"傲慢与偏见","4","2021/12/08","","1993/7","[英] 奥斯丁","https://book.douban.com/subject/1083428/"
"窗边的小豆豆","4","2021/12/08","","2003/1","[日] 黑柳彻子 著","https://book.douban.com/subject/1007914/"
"唐诗三百首","5","2021/12/08","","1984/07/01","蘅塘退士","https://book.douban.com/subject/1013267/"
"浮生六记","5","2021/12/08","","1999/1","（清）沈复","https://book.douban.com/subject/1088581/"
"西西弗神话","5","2021/12/06","","2013/8","[法] 阿尔贝·加缪","https://book.douban.com/subject/24257403/"
"沉沦","4","2021/11/26","","2017/1","郁达夫","https://book.douban.com/subject/26936163/"
"2666","5","2021/11/26","","2012/1/1","[智利] 罗贝托·波拉尼奥","https://book.douban.com/subject/6800379/"
"我不知道该说什么，关于死亡还是爱情","5","2021/11/26","","2014/6/15","[白俄] S·A·阿列克谢耶维奇","https://book.douban.com/subject/25884880/"
"愤怒","3","2021/11/26","","2020/6","[美] 菲利普·罗斯","https://book.douban.com/subject/35051899/"
"第二十二条军规","5","2021/11/26","","2012/8/1","[美] 约瑟夫·海勒","https://book.douban.com/subject/10554709/"
"迷路员","4","2021/11/26","","2021/7","沈大成","https://book.douban.com/subject/35512889/"
"望春风","4","2021/11/26","","2016/6","格非","https://book.douban.com/subject/26757657/"
"乌合之众","3","2021/11/26","","2016/1/1","古斯塔夫·勒庞","https://book.douban.com/subject/26784663/"
"穆旦诗编年汇校","5","2021/11/25","","2019/6","易彬  汇校","https://book.douban.com/subject/30466166/"
"挪威的森林","3","2021/11/23","","2018/3","[日] 村上春树","https://book.douban.com/subject/27200257/"
"人间失格","3","2021/11/23","","2015/8","太宰治","https://book.douban.com/subject/26647769/"
"羊脂球","4","2021/11/23","","2007/6","（法）莫泊桑","https://book.douban.com/subject/1205370/"
"百年孤独","5","2021/11/23","","2017/8","[哥伦比亚] 加西亚·马尔克斯","https://book.douban.com/subject/27107109/"
"生死场","","2021/11/22","","2005/5/1","萧红","https://book.douban.com/subject/1317899/"
"堂吉诃德","5","2021/11/22","","2020/1","[西] 塞万提斯·萨维德拉","https://book.douban.com/subject/34908576/"
"鳄鱼手记","5","2021/11/22","","2012/8/15","邱妙津","https://book.douban.com/subject/11527635/"
"鳄鱼手记","5","2021/11/22","","2021/7","邱妙津","https://book.douban.com/subject/35512887/"
"冷血","5","2021/11/22","","2013/10","[美] 杜鲁门·卡波特","https://book.douban.com/subject/20428313/"
"圣诞忆旧集","4","2021/11/22","书不错，但翻译很一般","2009/1","[美] 杜鲁门·卡坡蒂","https://book.douban.com/subject/3326892/"
"海上花列传","4","2021/11/18","","2014/11","[清]韩邦庆","https://book.douban.com/subject/26284521/"
"诗人十四个","4","2021/11/15","","2019/7","黄晓丹","https://book.douban.com/subject/34463395/"
"家","2","2021/11/15","","有2018年6月2印本","巴金","https://book.douban.com/subject/30238011/"
"如果在冬夜，一个旅人","5","2021/11/15","叙事游戏","2012/4","[意] 伊塔洛·卡尔维诺","https://book.douban.com/subject/10555535/"
"绿毛水怪","5","2021/11/15","","2018/6","王小波","https://book.douban.com/subject/30163860/"
"堂吉诃德","5","2021/10/27","","2015/6","[西] 塞万提斯","https://book.douban.com/subject/25837852/"
"夜晚的潜水艇","5","2021/10/27","","2020/9","陈春成","https://book.douban.com/subject/35005045/"
"朝花夕拾","5","2021/02/28","","1973/4","鲁迅","https://book.douban.com/subject/1449352/"
"忏悔录","","2021/02/24","","2022/1","[法]让-雅克•卢梭","https://book.douban.com/subject/26830625/"
"乞力马扎罗的雪","","2021/02/24","","2003/9/1","海明威","https://book.douban.com/subject/1085195/"
"菜根谭","","2021/02/24","","1995/10","洪应明","https://book.douban.com/subject/3646976/"
"普希金抒情诗选","","2021/02/24","","1984/8","刘湛秋","https://book.douban.com/subject/1469036/"
"社会心理学（第11版，精装彩印）","","2021/02/24","","2014/10/1","[美] 戴维·迈尔斯","https://book.douban.com/subject/25982198/"
"唐人选唐诗新编（增订本）","","2021/02/24","","2014/11","傅璇琮","https://book.douban.com/subject/26275163/"
"Pride and Prejudice","","2021/02/24","","1993/06","Jane Austen","https://book.douban.com/subject/4739419/"
"欧叶妮·格朗台 高老头","","2021/02/24","","2003/6/1","[法] 巴尔扎克","https://book.douban.com/subject/1085221/"
"色，戒","","2021/02/24","","2010/6/21","張愛玲","https://book.douban.com/subject/4882039/"
"傲慢与偏见","","2021/02/24","","1986/7","简·奥斯丁","https://book.douban.com/subject/1873723/"
"荒野的呼唤.白牙","","2021/02/24","","1995/05","杰克.伦敦(美)","https://book.douban.com/subject/1015524/"
"韩愈选集","","2021/02/24","","2013/4/1","孙昌武选注","https://book.douban.com/subject/24313302/"
"人生海海","","2021/02/24","","2019/4","麦家","https://book.douban.com/subject/30475767/"
"八十天环游地球","","2021/02/24","","1958/02","[法] 儒勒·凡尔纳","https://book.douban.com/subject/1275907/"
"东方快车谋杀案","","2021/02/24","","2013/4","[英]阿加莎·克里斯蒂","https://book.douban.com/subject/24153048/"
"春日序曲","","2021/02/24","","2019/8/1","[美国] 安德烈·艾席蒙","https://book.douban.com/subject/33451948/"
"没有色彩的多崎作和他的巡礼之年","","2021/02/24","","2013/10/1","[日] 村上春树","https://book.douban.com/subject/25733470/"
"人间喜剧","","2021/02/24","","2009/10","巴尔扎克","https://book.douban.com/subject/4199233/"
"童年 在人间 我的大学","","2021/02/24","","1997/11","[苏联] 马克西姆·高尔基","https://book.douban.com/subject/1012489/"
"绿山墙的安妮","","2021/02/24","","2003/01","[加] 露西·莫德·蒙哥玛利","https://book.douban.com/subject/1064841/"
"三国演义","","2021/02/24","","1986/6/1","罗贯中","https://book.douban.com/subject/1483894/"
"雾都孤儿","","2021/02/24","","2008/5","[英] 查尔斯·狄更斯","https://book.douban.com/subject/2355626/"
"莫泊桑短篇小说选","","2021/02/24","","2002/6","[法] 莫泊桑","https://book.douban.com/subject/1083434/"
"红玫瑰与白玫瑰","","2021/02/24","","1996/06","张爱玲","https://book.douban.com/subject/1014278/"
"野性的呼唤","","2021/02/24","","2006/8","杰克·伦敦","https://book.douban.com/subject/1883353/"
"鲁滨孙历险记","","2021/02/24","","2006/8","笛福","https://book.douban.com/subject/1893466/"
"少年维特的烦恼","","2021/02/24","","1999/7","[德] 歌德","https://book.douban.com/subject/1047138/"
"在人间","","2021/02/24","","1998/05/01","高尔基","https://book.douban.com/subject/1085856/"
"红楼梦","","2021/02/24","","2018/1","曹雪芹","https://book.douban.com/subject/30137806/"
"小妇人","","2021/02/24","","2018/4","[美] 路易莎·梅·奥尔科特","https://book.douban.com/subject/30187774/"
"茶花女","","2021/02/24","","1997/3","小仲马","https://book.douban.com/subject/1013380/"
"我的精神家园","","2021/02/24","","1997","王小波","https://book.douban.com/subject/1014578/"
"十日谈","","2021/02/24","","1994/7","薄迦丘","https://book.douban.com/subject/1279212/"
"双城记","","2021/02/24","","1996/08","查尔斯・狄更斯","https://book.douban.com/subject/1007772/"
"罗生门","","2021/02/24","","2019/4","[日] 芥川龙之介","https://book.douban.com/subject/33396515/"
"双城记","","2021/02/24","","2015/8","[英] 查尔斯·狄更斯","https://book.douban.com/subject/26915894/"
"唐吉诃德","","2021/02/24","","2007/10","米盖尔·德·塞万提斯","https://book.douban.com/subject/2308408/"
"骆驼祥子","","2021/02/24","","1962/10/1","老舍","https://book.douban.com/subject/1043815/"
"灿烂千阳","","2021/02/24","","2007/9","[美] 卡勒德·胡赛尼","https://book.douban.com/subject/2143732/"
"罗生门","","2021/02/24","","2008/7","[日] 芥川龙之介","https://book.douban.com/subject/3136271/"
"东方快车谋杀案","","2021/02/24","","2006/5","[英] 阿加莎·克里斯蒂","https://book.douban.com/subject/1827374/"
"热爱生命","","2021/02/24","","2000/12/03","[美] 杰克·伦敦","https://book.douban.com/subject/1082147/"
"明朝那些事儿（壹）","","2021/02/24","","2006/9","当年明月","https://book.douban.com/subject/1873231/"
"天才在左 疯子在右","","2021/02/24","","2010/2","高铭","https://book.douban.com/subject/4242172/"
"倾城之恋","","2021/02/24","","1997/3/1","张爱玲","https://book.douban.com/subject/1090043/"
"查令十字街84号","","2021/02/24","","2005/05/01","[美] 海莲·汉芙","https://book.douban.com/subject/1316648/"
"许三观卖血记","","2021/02/24","","2012/9","余华","https://book.douban.com/subject/4760224/"
"围城","","2021/02/24","","1991/2/1","钱锺书","https://book.douban.com/subject/11524204/"
"悲惨世界","","2021/02/24","","2015/6","[法] 雨果","https://book.douban.com/subject/25897657/"
"神曲","","2021/02/24","","2013/6/1","[意大利] 但丁","https://book.douban.com/subject/23858362/"
"白鹿原","","2021/02/24","","1997/12","陈忠实","https://book.douban.com/subject/1085799/"
"高老头","","2021/02/24","","2003/01","[法国] 巴尔扎克","https://book.douban.com/subject/1070759/"
"受戒","","2021/02/24","","1987/10","汪曾祺","https://book.douban.com/subject/1760432/"
"人类群星闪耀时","","2021/02/24","","2005/1","斯蒂芬·茨威格","https://book.douban.com/subject/1201620/"
"基督山伯爵（上下册）","","2021/02/24","","2006/8/1","大仲马","https://book.douban.com/subject/1880831/"
"查拉图斯特拉如是说","","2021/02/24","","2007/12","[德] 尼采","https://book.douban.com/subject/2359052/"
"钢铁是怎样炼成的","","2021/02/24","","2006/8/1","奥斯特洛夫斯基","https://book.douban.com/subject/1894744/"
"哈利·波特与魔法石","","2021/02/24","","2000/9","[英] J. K. 罗琳","https://book.douban.com/subject/1041007/"
"父与子全集","","2021/02/24","","2003/4","[德] 埃·奥·卜劳恩 绘","https://book.douban.com/subject/1002898/"
"白夜行","","2021/02/24","","2008/9","[日] 东野圭吾","https://book.douban.com/subject/3259440/"
"儒林外史","","2021/02/24","","2002/1/1","吴敬梓","https://book.douban.com/subject/1042053/"
"鲁滨逊漂流记","","2021/02/24","","2002/8","[英]笛福","https://book.douban.com/subject/1122914/"
"爱的教育","","2021/02/24","","2004/07","（意）亚米契斯","https://book.douban.com/subject/1077778/"
"羊脂球","","2021/02/24","","2005/1/1","莫泊桑","https://book.douban.com/subject/1220098/"
"哈利·波特与火焰杯","","2021/02/24","","2001/5","[英] J. K. 罗琳","https://book.douban.com/subject/1009257/"
"呼啸山庄","","2021/02/24","","2006/8","艾米莉·勃朗特","https://book.douban.com/subject/1880829/"
"活着","","2021/02/24","","1998/5","余华","https://book.douban.com/subject/1082154/"
"放学后","","2021/02/24","","2010/1","[日] 东野圭吾","https://book.douban.com/subject/4074636/"
"高老头","","2021/02/24","","1989/09/01","(法)巴尔扎克","https://book.douban.com/subject/1119528/"
"我与地坛","","2021/02/24","","2002/5","史铁生","https://book.douban.com/subject/1209899/"
"呼啸山庄","","2021/02/24","","2010/8","(英) 艾米莉·勃朗特","https://book.douban.com/subject/4898521/"
"人间失格","","2021/02/24","","2009/9","太宰治","https://book.douban.com/subject/4011670/"
"了不起的盖茨比","","2021/02/24","","2012/5","[美] 斯科特·菲茨杰拉德","https://book.douban.com/subject/10738023/"
"红与黑","","2021/02/24","","2006/8","司汤达","https://book.douban.com/subject/1894742/"
"格列佛游记","","2021/02/24","","2006/8","(英)斯威夫特","https://book.douban.com/subject/1888031/"
"不能承受的生命之轻","","2021/02/24","","2003/7","[捷克] 米兰·昆德拉","https://book.douban.com/subject/1017143/"
"兄弟（上）","","2021/02/24","","2005/8","余华","https://book.douban.com/subject/1401425/"
"云边有个小卖部","","2021/02/24","","2018/7","张嘉佳","https://book.douban.com/subject/30254298/"
"水浒传","","2021/02/24","","2009/06","施耐庵","https://book.douban.com/subject/3810699/"
"童年","","2021/02/24","","2002/01","[苏] 高尔基","https://book.douban.com/subject/1009285/"
"哈利·波特与阿兹卡班的囚徒","","2021/02/24","","2000/9","[英] J. K. 罗琳","https://book.douban.com/subject/1071241/"
"理想国","","2021/02/24","","1986/8","[古希腊] 柏拉图","https://book.douban.com/subject/1004821/"
"哈利·波特与死亡圣器","","2021/02/24","","2007/10","[英] J. K. 罗琳","https://book.douban.com/subject/2295163/"
"鲁滨孙漂流记","","2021/02/24","","1978/4","笛福","https://book.douban.com/subject/1841531/"
"包法利夫人","","2021/02/24","","2003/01","福楼拜","https://book.douban.com/subject/1083477/"
"浮士德","","2021/02/24","","2003/01","歌德","https://book.douban.com/subject/1049957/"
"钢铁是怎样炼成的","","2021/02/24","","1996/10","[苏] 尼·奥斯特洛夫斯基","https://book.douban.com/subject/1013502/"
"麦田里的守望者","4","2021/02/24","","2007/3","[美国] J. D. 塞林格","https://book.douban.com/subject/2053249/"
"空响炮","4","2021/02/23","《空响炮》像是上海版的《俗世奇人》，或者更应该说像“俗世俗人”一点。角度很有新意，语言和笔法都很上海，精致好看又有上海人（以及老年人）那种细碎的生活感，有时候会被一个小细节打动。蛮有意思，很见功夫。
不过仔细讲起来最亮眼的还是头几篇。末几篇无非讲生老病死了，生老病死也是动人的，但的确难免同质化。","2019/1","王占黑","https://book.douban.com/subject/30163040/"
"动物农场","","2020/08/18","","2007/3","[英] 乔治·奥威尔","https://book.douban.com/subject/2035179/"
"哈利·波特","","2020/08/18","","2008/12/1","J.K.罗琳 (J.K.Rowling)","https://book.douban.com/subject/24531956/"
"一个陌生女人的来信","","2020/08/18","","2007/7","[奥] 斯蒂芬·茨威格","https://book.douban.com/subject/2154960/"
"诗经","","2020/08/18","","2006/7","孔丘 编订","https://book.douban.com/subject/1883245/"
"简爱（英文全本）","","2020/08/18","","2003/11","[英] 夏洛蒂·勃朗特","https://book.douban.com/subject/1141406/"
"苏菲的世界","","2020/08/18","","2007/10","[挪] 乔斯坦·贾德","https://book.douban.com/subject/2284311/"
"城南旧事","","2020/08/18","","2003/7","林海音 文","https://book.douban.com/subject/1254588/"
"亲爱的安德烈","","2020/08/18","","2008/12","龙应台","https://book.douban.com/subject/3369793/"
"故事新编","5","2020/08/18","","1973/12/01","鲁迅","https://book.douban.com/subject/2046909/"
"不能承受的生命之轻","","2020/08/18","","2010/8","米兰·昆德拉","https://book.douban.com/subject/4920007/"
"三国演义（全二册）","","2020/08/18","","1998/05","[明] 罗贯中","https://book.douban.com/subject/1019568/"
"一桩事先张扬的凶杀案","","2020/08/18","","2013/6","[哥伦比亚] 加西亚·马尔克斯","https://book.douban.com/subject/24382569/"
"呼兰河传","","2020/08/18","","2005/01","萧红","https://book.douban.com/subject/1060852/"
"最好的我们","","2020/08/18","","2013/8/5","八月长安","https://book.douban.com/subject/24754316/"
"麦琪的礼物","","2020/08/18","","2003/7","[美] 欧·亨利","https://book.douban.com/subject/1051193/"
"孩子你慢慢来","","2020/08/18","","2009/12/1","龙应台","https://book.douban.com/subject/4207781/"
"毛姆短篇小说精选集","","2020/08/18","","2012/11","[英] 威廉·萨默塞特·毛姆","https://book.douban.com/subject/10774752/"
"时间简史","","2020/08/18","","2010/4","[英] 史蒂芬·霍金","https://book.douban.com/subject/1034282/"
"围城","","2020/08/18","","1991/2","钱锺书","https://book.douban.com/subject/1008145/"
"我们仨","","2020/08/18","","2003/7","杨绛","https://book.douban.com/subject/1023045/"
"全球通史","","2020/08/18","","2012/2/1","斯塔夫里阿诺斯","https://book.douban.com/subject/10583099/"
"活着","","2020/08/18","","2012/8","余华","https://book.douban.com/subject/4913064/"
"树上的男爵","","2020/08/18","","2012/4/1","[意大利]伊塔洛·卡尔维诺","https://book.douban.com/subject/6789605/"
"上帝掷骰子吗","","2020/08/18","","2006/1","曹天元","https://book.douban.com/subject/1467022/"
"野火集","","2020/08/18","","2005/8","龙应台","https://book.douban.com/subject/1426971/"
"人类简史","","2020/08/18","","2014/11","[以色列] 尤瓦尔·赫拉利","https://book.douban.com/subject/25985021/"
"格林童话全集","","2020/08/18","","1994/11","[德]格林兄弟","https://book.douban.com/subject/1043008/"
"道德经","","2020/08/18","","1996/10","黄元吉","https://book.douban.com/subject/1059258/"
"哭泣的骆驼","","2020/08/18","","2003/6","三毛","https://book.douban.com/subject/1029111/"
"恶意","","2020/08/18","","2009/6","[日] 东野圭吾","https://book.douban.com/subject/3646172/"
"海子的诗","","2020/08/18","","1999/04","海子","https://book.douban.com/subject/1011754/"
"局外人","5","2020/08/18","","2010/8","[法] 阿尔贝·加缪","https://book.douban.com/subject/4908885/"
"雨季不再来","","2020/08/18","","2007/7","三毛","https://book.douban.com/subject/2136140/"
"解忧杂货店","","2020/08/18","","2014/5","[日] 东野圭吾","https://book.douban.com/subject/25862578/"
"平凡的世界（全三部）","","2020/08/18","","2005/1","路遥","https://book.douban.com/subject/1200840/"
"小王子","","2020/08/18","","2003/8","[法国] 安东尼·德·圣-埃克苏佩里","https://book.douban.com/subject/1084336/"
"从一到无穷大","","2020/08/18","","2002/11","[美] G. 伽莫夫","https://book.douban.com/subject/1102715/"
"海底两万里","","2020/08/18","","2002/9","[法国] 儒尔·凡尔纳","https://book.douban.com/subject/1085470/"
"野草","","2020/08/18","","1973/3","鲁迅","https://book.douban.com/subject/1915958/"
"白夜行","","2020/08/18","","2013/1/1","[日] 东野圭吾","https://book.douban.com/subject/10554308/"
"百年孤独","5","2020/08/18","从初中起反复阅读，这书值得一直读到死。","2011/6","[哥伦比亚] 加西亚·马尔克斯","https://book.douban.com/subject/6082808/"
"草房子","","2020/08/18","","2009/6","曹文轩","https://book.douban.com/subject/1052990/"
"史蒂夫·乔布斯传","","2020/08/18","","2011/10/24","[美] 沃尔特·艾萨克森","https://book.douban.com/subject/6798611/"
"目送","","2020/08/18","","2009/10","龙应台","https://book.douban.com/subject/3995526/"
"文学回忆录","","2020/08/18","","2013/1/10","木心 讲述","https://book.douban.com/subject/20440644/"
"白鹿原","4","2020/08/18","没那么喜欢","2012/9","陈忠实","https://book.douban.com/subject/10564071/"
"飞鸟集","","2020/08/18","","2004/6","[印] 罗宾德拉纳德·泰戈尔","https://book.douban.com/subject/1058661/"
"安徒生童话故事集","","2020/08/18","","1997/08","（丹麦）安徒生","https://book.douban.com/subject/1046209/"
"繁花","5","2020/08/18","","2013/3","金宇澄","https://book.douban.com/subject/22714154/"
"红楼梦","","2020/08/18","","1996/12","[清] 曹雪芹 著","https://book.douban.com/subject/1007305/"
"夏洛的网","4","2020/08/18","","2004/5","[美] E.B.怀特","https://book.douban.com/subject/1036274/"
"一句顶一万句","","2020/08/18","","2009/3","刘震云","https://book.douban.com/subject/3633461/"
"彷徨","","2020/08/18","","1973/3","鲁迅","https://book.douban.com/subject/1449348/"
"青铜时代","","2020/08/18","","1997/5","王小波","https://book.douban.com/subject/1085883/"
"明朝那些事儿（1-9）","","2020/08/18","","2009/4","当年明月","https://book.douban.com/subject/3674537/"
"棋王","","2020/08/18","","1999/10","阿城","https://book.douban.com/subject/1020961/"
"嫌疑人X的献身","","2020/08/18","","2008/9","[日] 东野圭吾","https://book.douban.com/subject/3211779/"
"霍乱时期的爱情","5","2020/08/18","","2012/9/1","[哥伦比亚] 加西亚·马尔克斯","https://book.douban.com/subject/10594787/"
"悲惨世界（上中下）","","2020/08/18","","1992/6","[法] 雨果","https://book.douban.com/subject/1205054/"
"古文观止","","2020/08/18","","1987/1/1","吴楚材","https://book.douban.com/subject/1014561/"
"论语","","2020/08/18","","2006/12","刘胜利","https://book.douban.com/subject/1964774/"
"亮剑","","2020/08/18","","2005/3","都梁","https://book.douban.com/subject/1088022/"
"房思琪的初恋乐园","5","2020/08/18","比喻到极致，痛苦到极致。","2018/2","林奕含","https://book.douban.com/subject/27614904/"
"王尔德童话","","2020/08/18","","2003/6","[英] 王尔德","https://book.douban.com/subject/1119839/"
"人间草木","","2020/08/18","","2005/01","汪曾祺","https://book.douban.com/subject/1253310/"
"边城","","2020/08/18","","2002/4","沈从文","https://book.douban.com/subject/1057244/"
"无人生还","","2020/08/18","","2008/3","[英] 阿加莎・克里斯蒂","https://book.douban.com/subject/3006581/"
"1984","","2020/08/18","","2010/4/1","[英] 乔治·奥威尔","https://book.douban.com/subject/4820710/"
"半生缘","","2020/08/18","","2006/12","张爱玲","https://book.douban.com/subject/1963684/"
"挪威的森林","","2020/08/18","","2007/7","[日] 村上春树","https://book.douban.com/subject/2159042/"
"一个叫欧维的男人决定去死","","2020/08/18","","2015/12","[瑞典] 弗雷德里克·巴克曼","https://book.douban.com/subject/26672693/"
"家","","2020/08/18","","1981/09/01","巴金","https://book.douban.com/subject/1082522/"
"巴黎圣母院","","2020/08/18","","2007/7/1","雨果","https://book.douban.com/subject/2253413/"
"小妇人","","2020/08/18","","1998/8","[美]路易莎·梅·奥尔科特","https://book.douban.com/subject/1427288/"
"瓦尔登湖","","2020/08/18","","2006/8","[美] 梭罗","https://book.douban.com/subject/1865089/"
"步履不停","","2020/08/18","","2017/5","[日] 是枝裕和","https://book.douban.com/subject/26963321/"
"雷雨","","2020/08/18","","1999/05","曹禺","https://book.douban.com/subject/1013416/"
"梦里花落知多少","","2020/08/18","","2007/6","三毛","https://book.douban.com/subject/2070844/"
"爱你就像爱生命","","2020/08/18","","2008/5","王小波","https://book.douban.com/subject/3071717/"
"美丽新世界","","2020/08/18","","2005/6","[英] 阿道司·赫胥黎","https://book.douban.com/subject/1321789/"
"许三观卖血记","","2020/08/18","","1998/9","余华","https://book.douban.com/subject/1029791/"
"远大前程","","2020/08/18","","2011/5/1","[英]狄更斯","https://book.douban.com/subject/6313476/"
"资治通鉴","","2020/08/18","","2009/1","司马光","https://book.douban.com/subject/2029680/"
"牧羊少年奇幻之旅","","2020/08/18","","2009/3/1","[巴西] 保罗·柯艾略","https://book.douban.com/subject/3608208/"
"理智与情感","","2020/08/18","","1998/5","[英]简·奥斯丁","https://book.douban.com/subject/1397467/"
"呼啸山庄","","2020/08/18","","1999/01/01","艾米莉·勃朗特","https://book.douban.com/subject/1119522/"
"呐喊","","2020/08/18","","1973/3","鲁迅","https://book.douban.com/subject/1449351/"
"无人生还","","2020/08/18","","2013/7","[英] 阿加莎·克里斯蒂","https://book.douban.com/subject/24859822/"
"红字","","2020/08/18","","2007/7","(美)霍桑","https://book.douban.com/subject/2193878/"
"老人与海","","2020/08/18","","1999/10","[美]海明威","https://book.douban.com/subject/1064275/"
"万历十五年","","2020/08/18","","1997/5","[美] 黄仁宇","https://book.douban.com/subject/1041482/"
"西游记（全二册）","","2020/08/18","","2004/8","吴承恩","https://book.douban.com/subject/1029553/"
"鼠疫","","2020/08/18","","2013/8","[法] 阿尔贝·加缪","https://book.douban.com/subject/24257229/"
"黄金时代","","2020/08/18","","1999/3","王小波","https://book.douban.com/subject/1089243/"
"飘","","2020/08/18","","2000/9","[美国] 玛格丽特·米切尔","https://book.douban.com/subject/1068920/"
"四世同堂","4","2020/08/18","","2008/7","老舍","https://book.douban.com/subject/3183775/"
"阿Q正传","","2020/08/18","","2003/7","鲁迅 著","https://book.douban.com/subject/1088065/"
"狂人日记","","2020/08/18","","2006/3","鲁迅","https://book.douban.com/subject/1398395/"
"红拂夜奔","","2020/08/18","","2005/1","王小波","https://book.douban.com/subject/1418686/"
"未知图书","","","","","","https://book.douban.com/subject/20427187/"
