书名,标题,出版日期,作者,条目链接
"野棕榈","2022/7","[美] 威廉·福克纳","https://book.douban.com/subject/35942234/"
"东京八平米","2022/11","[日]吉井忍","https://book.douban.com/subject/36096287/"
"我们赖以生存的隐喻","2015/3","[美] 乔治·莱考夫","https://book.douban.com/subject/26298597/"
"罐头厂街","2019/3","约翰·斯坦贝克","https://book.douban.com/subject/30388863/"
"Computer Systems: A Programmer's Perspective (3rd Edition)","2015/3/12","Randal E. Bryant","https://book.douban.com/subject/26344642/"
"佩德罗·巴拉莫","2021/1","[墨西哥] 胡安·鲁尔福","https://book.douban.com/subject/35221700/"
"统计学习方法 (第2版)","2019/5","李航","https://book.douban.com/subject/33437381/"
"观鸟大年","2026/1","[美] 马克·奥布马斯克（Mark Obmascik）","https://book.douban.com/subject/37524361/"
"笛卡尔的错误","2007/6","[美] 安东尼奥·R.达马西奥","https://book.douban.com/subject/2157346/"
"法兰克福学派入门讲座","2026/1","[英] 吉莉恩·罗斯","https://book.douban.com/subject/37563197/"
"凯罗斯","2026/1","[德] 燕妮·埃彭贝克","https://book.douban.com/subject/37825000/"
"Learning Go, 2nd Edition","2024/2/27","Jon Bodner","https://book.douban.com/subject/36720818/"
"鬼的狂歡","2025/10","邱妙津","https://book.douban.com/subject/37645409/"
"都柏林人","2010/9","[爱尔兰] 詹姆斯·乔伊斯","https://book.douban.com/subject/4908872/"
"欲望主体","2025/10","(美) 朱迪斯·巴特勒","https://book.douban.com/subject/37497073/"
"The Book of Goose","2022/9/20","Yiyun Li","https://book.douban.com/subject/35796318/"
"我的母亲是计算机","2025/8","(美) N·凯瑟琳·海尔斯","https://book.douban.com/subject/37142230/"
"再玩一次","2025/11","[英] 特里斯坦·多诺万","https://book.douban.com/subject/37447236/"
"Too Late to Awaken","2023/11/2","Slavoj Žižek","https://book.douban.com/subject/36367298/"
"AI Engineering","2025/1/7","Chip Huyen","https://book.douban.com/subject/36871245/"
"反抗的忧郁","2023/6","[匈牙利] 克拉斯诺霍尔卡伊·拉斯洛","https://book.douban.com/subject/36363533/"
"梦游手记","2002/4","韦尔乔","https://book.douban.com/subject/1033434/"
"紫颜色","2023/8","[美] 艾丽斯·沃克","https://book.douban.com/subject/36181310/"
"多谢不阅","2023/9","[荷]杜布拉夫卡·乌格雷西奇","https://book.douban.com/subject/36539569/"
"我们","2017/1","[俄] 叶甫盖尼·扎米亚京","https://book.douban.com/subject/26879595/"
"Invisible Women","2019/3/7","Caroline Criado Perez","https://book.douban.com/subject/30473220/"
"游戏故事写作","2023/8/15","[美] 迈克尔·布劳特","https://book.douban.com/subject/36512686/"
"游戏编剧与设计指南","2024/11","[英]弗林特·迪尔（Flint Dille）","https://book.douban.com/subject/37105886/"
"其後","2012/5/1","賴香吟","https://book.douban.com/subject/10568084/"
"Education and Upward Social Mobility in China","2024/8","Jin Jin","https://book.douban.com/subject/37000612/"
"计算机组成与设计（原书第5版）","2015/7/1","戴维 A.帕特森 (David A.Patterson)","https://book.douban.com/subject/26604008/"
"现代的诱惑","2007/4","[美] 史书美","https://book.douban.com/subject/2075635/"
"维塔","2023/1","(巴西) 若昂·比尔","https://book.douban.com/subject/36207115/"
"私人生活空间史","2025/5","[法] 米歇尔·佩罗","https://book.douban.com/subject/37239260/"
"明室","2024/4/2","羅蘭·巴特(Roland Barthes)","https://book.douban.com/subject/36827360/"
"明室","2011/3","[法] 罗兰·巴尔特","https://book.douban.com/subject/6068109/"
"使女的故事","2025/4","[加] 玛格丽特·阿特伍德 著","https://book.douban.com/subject/37293047/"
"概率导论 (第2版·修订版)","2016/1","[美] Dimitri P. Bertsekas","https://book.douban.com/subject/26694188/"
"糜骨之壤","2021/1","[波兰] 奥尔加·托卡尔丘克","https://book.douban.com/subject/35272698/"
"游戏中的算法文化","2025/4","李洋 张宇清 主编","https://book.douban.com/subject/37264916/"
"幻想底尽头","2025/2","易彬","https://book.douban.com/subject/36919976/"
"The Elements of Statistical Learning","2016/1/1","Trevor Hastie","https://book.douban.com/subject/3294335/"
"Structure and Interpretation of Computer Programs - 2nd Editio...","1996/7/25","Harold Abelson","https://book.douban.com/subject/1451622/"
"Digital Paper","2014/8/4","Andrew Abbott","https://book.douban.com/subject/26302475/"
"大众文化的女性主义指南","2024/9","[韩] 孙希定 [韩] 林允玉 [韩] 金智惠 编","https://book.douban.com/subject/36930643/"
"领悟统计","2024/7","约翰·李维·马丁","https://book.douban.com/subject/37007492/"
"任天堂哲学","2018/6","(日) 井上理著","https://book.douban.com/subject/30234603/"
"我的痛苦有名字嗎？","2023/3","河美娜（하미나）","https://book.douban.com/subject/36291952/"
"景观社会","2017/5","[法] 居伊·德波","https://book.douban.com/subject/26865819/"
"“我们赞成差别对待”","2025/2","[韩]吴赞镐","https://book.douban.com/subject/36885786/"
"羊奶煮羊羔","2006/11","[俄] 尤·波利亚科夫","https://book.douban.com/subject/1926594/"
"私人体验","2024/1","胡晓江","https://book.douban.com/subject/36689150/"
"魔兽世界开发日记","2024","约翰·斯塔茨","https://book.douban.com/subject/37238948/"
"李安访谈录","2024/5/20","[美] 卡拉·雷·富勒 编","https://book.douban.com/subject/36791197/"
"漫游在雨中池塘","2024/10","【美】乔治·桑德斯","https://book.douban.com/subject/36973145/"
"性别麻烦","2009/1","朱迪斯·巴特勒","https://book.douban.com/subject/3339862/"
"性/別惑亂","2008/12","巴特勒","https://book.douban.com/subject/3426423/"
"This Sex Which Is Not One","1985/5/10","Luce Irigaray","https://book.douban.com/subject/1797405/"
"〇〇年代的想象力","2024/11","宇野常宽","https://book.douban.com/subject/37017264/"
"爱的多重奏","2012/9","[法] 阿兰·巴迪欧","https://book.douban.com/subject/19964304/"
"Bayesian Reasoning and Machine Learning","2011","David Barber","https://book.douban.com/subject/5397287/"
"Pattern Recognition and Machine Learning","2007/10/1","Christopher Bishop","https://book.douban.com/subject/2061116/"
"一切障碍都能摧毁我","2025/1","[奥] 弗朗茨·卡夫卡","https://book.douban.com/subject/37087563/"
"狐狸那时已是猎人","2021/4","[德] 赫塔·米勒","https://book.douban.com/subject/35184926/"
"The Handbook of Speech Production 1st Edition","2015/7/7","Melissa A. Redford","https://book.douban.com/subject/26854162/"
"有限与无限的游戏","2013/10","[美]詹姆斯·卡斯","https://book.douban.com/subject/25742296/"
"编码","2012/10/1","[美] Charles Petzold","https://book.douban.com/subject/20260928/"
"被侮辱与被损害的人","2010/6","[俄] 费奥多尔·陀思妥耶夫斯基","https://book.douban.com/subject/4708144/"
"監視與懲罰","2020/5/20","Michel Foucault 米歇爾．傅柯","https://book.douban.com/subject/35054623/"
"蓝熊船长的13条半命","2002/1","[德] 瓦尔特·莫尔斯","https://book.douban.com/subject/1007952/"
"深入理解计算机系统 (第3版)","2016/12","Randal E. Bryant","https://book.douban.com/subject/26912767/"
"语言本能","2015/5/1","[美]史蒂芬·平克","https://book.douban.com/subject/26380736/"
"白痴","2015/1","[俄] 陀思妥耶夫斯基","https://book.douban.com/subject/25887933/"
"圣愚之维","2013/3","王志耕","https://book.douban.com/subject/24382855/"
"蓟与玫瑰","2020/12","[法] 尼古拉·容克","https://book.douban.com/subject/35217075/"
"反对方法","2007年8月","(美)保罗·法伊尔阿本德","https://book.douban.com/subject/2229010/"
"七个被绞死的人","2018/8","[俄] 安德烈耶夫","https://book.douban.com/subject/30237871/"
"逃亡","2017/2","[苏联] 布尔加科夫","https://book.douban.com/subject/26943606/"
"记忆记忆","2020/11","[俄] 玛丽亚·斯捷潘诺娃","https://book.douban.com/subject/35166649/"
"无条件投降博物馆","2024/1/1","[荷]杜布拉夫卡·乌格雷西奇","https://book.douban.com/subject/36668331/"
"轻舔丝绒","2017/11/1","[英] 萨拉·沃特斯","https://book.douban.com/subject/27041894/"
"不可计算","2025/1","(美) 亚历山大·R.加洛韦","https://book.douban.com/subject/37074953/"
"衬纸","2024/11","[美] 亚历山大·沃尔夫","https://book.douban.com/subject/37054236/"
"Data Analysis and Machine Learning with Kaggle","2021/11/9","Konrad Banachewicz","https://book.douban.com/subject/35592426/"
"Taking Charge of Adult ADHD, 2nd edition","2021/11/3","Russell A. Barkley","https://book.douban.com/subject/36478351/"
"人的境况","2009/01","[美] 汉娜·阿伦特","https://book.douban.com/subject/3431988/"
"分裂的天空","1987/3","[民主德国] 克里丝塔·沃尔夫","https://book.douban.com/subject/4164784/"
"浪漫的中国","2016/4","杨联芬","https://book.douban.com/subject/26783497/"
"当代英雄","2016/9","[俄] 莱蒙托夫","https://book.douban.com/subject/26856774/"
"猫眼","2022/4/26","[加] 玛格丽特·阿特伍德","https://book.douban.com/subject/35615129/"
"雅克和他的主人","2022/9","米兰·昆德拉","https://book.douban.com/subject/35914062/"
"少年來了","2023/6/19","韓江","https://book.douban.com/subject/36448199/"
"爵士乐史","2020/9","［美］泰德·乔亚（Ted Gioia）","https://book.douban.com/subject/35090803/"
"电子游戏与哲学","2024/9","(美) 乔恩·科格本 (Jon Cogburn)","https://book.douban.com/subject/37022241/"
"理论入门","2014/1","[英] 彼得·巴里","https://book.douban.com/subject/25842926/"
"文学理论（新修订版）","2017/1","[美] 勒内·韦勒克","https://book.douban.com/subject/26938822/"
"逃走的人","2024/8/1","李颖迪","https://book.douban.com/subject/36914683/"
"她是幸存者","2024/6","[美]格蕾丝·赵","https://book.douban.com/subject/36839197/"
"在阿尔巴尼亚长大","2024/9","[英] 莱亚·乌皮","https://book.douban.com/subject/36831435/"
"Dive Into Data Science","","","https://book.douban.com/subject/36296793/"
"老妓抄","2022/2","冈本加乃子","https://book.douban.com/subject/35710421/"
"滔滔生活","2022/10/15","[韩]金爱烂","https://book.douban.com/subject/36109148/"
"南十字星共和国","2017/2","费·索洛古勃","https://book.douban.com/subject/26909485/"
"浮出历史地表","2018/5","孟悦","https://book.douban.com/subject/30147095/"
"Hacker's Delight","2002/7/27","Henry S. Warren Jr.","https://book.douban.com/subject/1784887/"
"一个海难幸存者的故事","2017/6","[哥伦比亚] 加西亚·马尔克斯","https://book.douban.com/subject/27031869/"
"两种孤独","2023/4","[哥伦比亚]加夫列尔·加西亚·马尔克斯","https://book.douban.com/subject/36315505/"
"苦水音乐","2013/8","(美)查尔斯·布考斯基","https://book.douban.com/subject/21778349/"
"定西.孤儿院纪事","2007/3","杨显惠","https://book.douban.com/subject/26671188/"
"哈扎尔辞典（阳本）","2024/6","[塞尔维亚] 米洛拉德·帕维奇","https://book.douban.com/subject/36868388/"
"世纪末的华丽","2010.4","朱天文","https://book.douban.com/subject/4621342/"
"疯癫与文明","2003/01","米歇尔・福柯","https://book.douban.com/subject/1036541/"
"明亮，明亮的日子","2024/7/1","[苏] 安德烈·塔可夫斯基","https://book.douban.com/subject/36740482/"
"献给阿尔吉侬的花束","2015/4","[美] 丹尼尔·凯斯","https://book.douban.com/subject/26362836/"
"Introduction to Linear Algebra (6/e)","2023/4/30","Gilbert Strang","https://book.douban.com/subject/36319391/"
"乒乓","2022/3","[日] 松本大洋","https://book.douban.com/subject/35430408/"
"海浪","","[英国] 弗吉尼亚·伍尔夫","https://book.douban.com/subject/35140564/"
"经济学","2008/1/1","[美] 保罗·萨缪尔森","https://book.douban.com/subject/2983683/"
"北京法源寺","2004/08","李敖","https://book.douban.com/subject/1062991/"
"A Monk's Guide to a Clean House and Mind","2018/1/4","Shoukei Matsumoto","https://book.douban.com/subject/27666868/"
"公主之死","2023/1","李贞德","https://book.douban.com/subject/36197701/"
"安南想象","2024/5","朱琺","https://book.douban.com/subject/36744308/"
"趣玩 I：中国传统益智游戏","2021/3/31","雷彼得","https://book.douban.com/subject/35406181/"
"游戏与人","2024/2","［法］罗歇·凯卢瓦（Roger Caillois）","https://book.douban.com/subject/36659669/"
"纳尔奇思与歌尔得蒙","2022/8","[德] 赫尔曼·黑塞","https://book.douban.com/subject/35947072/"
"变革之声","2022/12/1","[美] 特德·焦亚","https://book.douban.com/subject/36132753/"
"游戏机制","2014/4","[美] Ernest Adams","https://book.douban.com/subject/25859579/"
"屏幕上的受苦者","2024/3/30","[德] 黑特·史德耶尔（Hito Steyerl）","https://book.douban.com/subject/36780608/"
"洛丽塔原型","2024/5/1","[美]萨拉·魏恩曼","https://book.douban.com/subject/36829305/"
"在天使手中","2009/1","[法] 多米尼克·费尔南德兹","https://book.douban.com/subject/3391927/"
"A Brief History of Intelligence","2023/10/24","Max Bennett","https://book.douban.com/subject/36704605/"
"黑格尔入门","2024/5","[德] 蒂娜·埃蒙茨","https://book.douban.com/subject/36848120/"
"原子習慣","2019/6/1","James Clear","https://book.douban.com/subject/33536171/"
"明日传奇","2023/2","[美]加·泽文（Gabrielle Zevin）","https://book.douban.com/subject/36089547/"
"Moebius Library:The World of Edena","2016/11/8","Moebius","https://book.douban.com/subject/26780502/"
"我们时代的神经症人格","2011/5","卡伦·霍尼","https://book.douban.com/subject/6511362/"
"我们八月见","2024/3/6","[哥伦比亚]加西亚·马尔克斯","https://book.douban.com/subject/36754770/"
"德里纳河上的桥","2017/8","[塞尔维亚] 伊沃·安德里奇","https://book.douban.com/subject/27077339/"
"边界的诱惑","2024/2","柏琳","https://book.douban.com/subject/36679041/"
"汪晖对话集","2023/11","汪晖","https://book.douban.com/subject/35489968/"
"反抗绝望","2024/1","汪晖","https://book.douban.com/subject/36602176/"
"漫长的告别","2020/5","[美] 雷蒙德·钱德勒","https://book.douban.com/subject/34970873/"
"怎样顺利完成论文","2022/6/1","[英] 罗伊娜·默里","https://book.douban.com/subject/35960196/"
"顺利完成硕博论文：关于内容和过程的贴心指导（原书第4版）","2023/1","[美]克叶尔·埃瑞克·鲁德斯坦 [美]雷·R·牛顿","https://book.douban.com/subject/36326233/"
"英语科技写作","2023/6","[英]希拉里·格拉斯曼-蒂欧 (Hilary Glasman‐Deal)","https://book.douban.com/subject/36437925/"
"质性研究初学者实用指南","2024/2","[新西兰] 弗吉尼亚·布劳恩","https://book.douban.com/subject/36349587/"
"""They say/I Say""","2014/3/18","Gerald Graff","https://book.douban.com/subject/24762199/"
"文献综述写作","2022/10","［美］ 何塞·L. 加尔万","https://book.douban.com/subject/36118869/"
"费马大定理","2013/1","[英] 西蒙·辛格","https://book.douban.com/subject/20494401/"
"玫瑰的名字","2020/5/1","[意] 翁贝托·埃科","https://book.douban.com/subject/26704404/"
"大英博物馆在倒塌","2010/3","[英]戴维·洛奇","https://book.douban.com/subject/4219027/"
"婚姻中的陌生人","2018/10","[塞尔维亚]埃米尔·库斯图里卡","https://book.douban.com/subject/30299534/"
"证据","2023/9","[美] 霍华德·S.贝克尔","https://book.douban.com/subject/36502892/"
"Python 3网络爬虫开发实战","2018/4","崔庆才","https://book.douban.com/subject/30175598/"
"Text as Data","2022/1/11","Justin Grimmer","https://book.douban.com/subject/35456690/"
"索拉里斯星","2021/8","[波] 斯坦尼斯瓦夫·莱姆","https://book.douban.com/subject/35049755/"
"有声的左翼","2020/7","康凌","https://book.douban.com/subject/35047242/"
"存在与荒谬","1999/01","潘绥铭","https://book.douban.com/subject/1058804/"
"奥兰多","2020/7","[英] 弗吉尼亚·伍尔夫","https://book.douban.com/subject/35088135/"
"平乐县志","2023/10","颜歌","https://book.douban.com/subject/36520183/"
"艾伦•图灵传","2012/8/1","（英）安德鲁·霍奇斯","https://book.douban.com/subject/11541213/"
"汉语语音新探","2012/12","冉启斌","https://book.douban.com/subject/23480883/"
"老友、爱人和大麻烦","2024/1","[加] 马修·派瑞","https://book.douban.com/subject/36502890/"
"小孩共和国","2023/9","[法] 萨米埃尔·布雄","https://book.douban.com/subject/36428048/"
"赛博空间的奥德赛","2007/2","(荷兰)约斯·德·穆尔 (Jos de Mul)","https://book.douban.com/subject/2052230/"
"The Art of Failure","2016/9/2","Jesper Juul","https://book.douban.com/subject/27122107/"
"疯狂旅行者","2023/9","[加]伊恩·哈金","https://book.douban.com/subject/36432535/"
"连续性","","赵元任","https://book.douban.com/subject/36503939/"
"笔记文选读","2021/7","吕叔湘 编著","https://book.douban.com/subject/35543519/"
"生成音系学原理","","世界图书出版公司","https://book.douban.com/subject/35664618/"
"声景学","2022/8","[加] R.穆雷·谢弗","https://book.douban.com/subject/36115239/"
"笑忘录","2022/9","米兰·昆德拉","https://book.douban.com/subject/35914064/"
"西方文学十五讲（修订版）","2012/7","徐葆耕","https://book.douban.com/subject/11534347/"
"我曾侍候过英国国王","2019/4","[捷克]博胡米尔·赫拉巴尔","https://book.douban.com/subject/30334633/"
"春之祭","2021/10/1","(英) 吉莲·摩尔","https://book.douban.com/subject/35602254/"
"纽约客","2014/12","白先勇","https://book.douban.com/subject/26253698/"
"无罪者","2022/8","[奥] 赫尔曼·布洛赫","https://book.douban.com/subject/35947076/"
"阿尔戈","2023/6","[美国] 玛吉·尼尔森","https://book.douban.com/subject/36402186/"
"畫外音","2023/7/13","白睿文（Michael Berry）","https://book.douban.com/subject/36481384/"
"实验室生活","2023/6","[法]布鲁诺·拉图尔","https://book.douban.com/subject/36304482/"
"数字人文导论","2022/11","[美]艾琳·加德纳","https://book.douban.com/subject/36174754/"
"非亲非故","2023/6","索耳","https://book.douban.com/subject/36352679/"
"野菩萨","2023/9/1","[马来西亚]黎紫书","https://book.douban.com/subject/36490318/"
"汉语量词加工的神经机制","","","https://book.douban.com/subject/36131954/"
"正午时分","2004/04","袁立","https://book.douban.com/subject/1067773/"
"变化无穷的语言","2023/7","[美]王士元","https://book.douban.com/subject/4897593/"
"Python Deep Learning","2017/5/4","Valentino Zocca","https://book.douban.com/subject/27038206/"
"汉语水语关系论","2004/12","曾晓渝","https://book.douban.com/subject/1226632/"
"路邊野餐","2016/4/1","毕赣","https://book.douban.com/subject/26758416/"
"蓝狗的眼睛","2015/9/1","[哥伦比亚] 加西亚·马尔克斯","https://book.douban.com/subject/26534971/"
"人語響，文字留痕","2023/7","張洪年","https://book.douban.com/subject/36409855/"
"地球上最后的夜晚","2013/4/1","[智利] 罗贝托·波拉尼奥","https://book.douban.com/subject/20501761/"
"红河之月","2002/1","邢公畹","https://book.douban.com/subject/1125121/"
"性别是流动的吗？","2020/10","[英] 萨莉·海因斯 著","https://book.douban.com/subject/35184850/"
"大学，有什么用？","2023/6/9","[英] 斯蒂芬·科利尼","https://book.douban.com/subject/36361942/"
"Concepts of Modern Mathematics","1995/2/1","Ian Stewart","https://book.douban.com/subject/2874816/"
"鳄鱼","2023/6","莫言","https://book.douban.com/subject/36398795/"
"Designing Machine Learning Systems","2022/6/28","Chip Huyen","https://book.douban.com/subject/35888775/"
"解析深度学习：语音识别实践","2016/6","俞栋","https://book.douban.com/subject/26820808/"
"亨丽埃塔与那场将人类学送上审判席的谋杀案","2023/3","[美] 吉尔·施梅勒","https://book.douban.com/subject/36180868/"
"小说鉴赏（双语修订第3版）","2020/2","[美] 克林斯·布鲁克斯","https://book.douban.com/subject/34873596/"
"动手学深度学习","2019/6","阿斯顿·张","https://book.douban.com/subject/33450010/"
"语音学与言语处理前沿","2004/4","G.Fant等编","https://book.douban.com/subject/1744294/"
"阿Q生命中的六个瞬间","2014/2","汪晖","https://book.douban.com/subject/25783936/"
"计算语言学导论","2005/1","翁富良","https://book.douban.com/subject/1722418/"
"语音韵律的实验分析与建模","2013/1","顾文涛","https://book.douban.com/subject/22277144/"
"深入浅出神经网络与深度学习","2020/8/17","[澳]迈克尔·尼尔森（Michael Nielsen）","https://book.douban.com/subject/35128111/"
"线性代数及其应用（原书第5版）","2018/7","[美] David C. Lay","https://book.douban.com/subject/30310517/"
"断代","2018/6","郭强生","https://book.douban.com/subject/30217599/"
"Introduction to Foreign Language Learning & Teaching (Learning...","2008/06/19","Keith Johnson","https://book.douban.com/subject/4095697/"
"Quantitative Methods In Linguistics","2008/2","Keith Johnson","https://book.douban.com/subject/2397931/"
"地狱小子 1：毁灭之芽","2014/10/1","(美)麦克·米格诺拉","https://book.douban.com/subject/25933952/"
"Statistics for Linguistics with R","2013/3/15","Stefan Th. Gries","https://book.douban.com/subject/20149495/"
"轰炸文明","1996/11","刘怀昭","https://book.douban.com/subject/10443482/"
"Signals and Systems for Speech and Hearing","2011","Stuart Rosen","https://book.douban.com/subject/2503248/"
"图像理论","2021/8","[美] W. J. T. 米切尔","https://book.douban.com/subject/35449355/"
"游戏中的人工智能（第3版）","2021/8","[美] 伊恩·米林顿（Ian Millington）","https://book.douban.com/subject/35615369/"
"社会科学因果推断的理论基础","2015/7","胡安宁","https://book.douban.com/subject/26596271/"
"数学物理方法","2012/1","顾樵","https://book.douban.com/subject/10517521/"
"金榜题名之后","2023/1","郑雅君","https://book.douban.com/subject/36190074/"
"Python深度学习","2018/8","[美] 弗朗索瓦·肖莱","https://book.douban.com/subject/30293801/"
"死亡搁浅","2020/5","小岛工作室","https://book.douban.com/subject/34942577/"
"《塞尔达传说：旷野之息》大师之书","2019/7","日本任天堂","https://book.douban.com/subject/34432985/"
"王小波传","2023/4/1","房伟","https://book.douban.com/subject/36204278/"
"语言研究中的统计学","2000/1","Anthony Woods","https://book.douban.com/subject/1228763/"
"幕后之人","2023/5/15","[美]莎拉·罗伯茨（Sarah T. Roberts）","https://book.douban.com/subject/36209209/"
"A Field Guide to Grad School","2020/8/25","Jessica McCrory Calarco","https://book.douban.com/subject/35132398/"
"自杀论","1996/12","[法] 埃米尔·迪尔凯姆","https://book.douban.com/subject/1274469/"
"自杀研究","2014/4","李建军","https://book.douban.com/subject/25867718/"
"游隼","2023/2","[英]J.A.贝克","https://book.douban.com/subject/36175314/"
"计算理论导引","2006/7","[美]Michael Sipser","https://book.douban.com/subject/1852515/"
"自动机理论、语言和计算导论（原书第3版）","2008/7/1","John E. Hopcroft","https://book.douban.com/subject/3171389/"
"Introduction to Automata Theory,  Languages, and Computation","2006/7/15","John E. Hopcroft","https://book.douban.com/subject/2249114/"
"Python网络爬虫权威指南（第2版）","2019/4","[美] 瑞安 • 米切尔","https://book.douban.com/subject/33386709/"
"Python编程轻松进阶","2022/6/30","[美] 阿尔·斯维加特（Al Sweigart）","https://book.douban.com/subject/35933909/"
"Python编程快速上手","2016/7/1","[美] Al Sweigart","https://book.douban.com/subject/26836700/"
"白话机器学习的数学","2020/7/1","[日]立石贤吾","https://book.douban.com/subject/35126508/"
"走过田野","2010/10","曹志耘","https://book.douban.com/subject/5361409/"
"荣耀","2018/7","[美] 弗拉基米尔·纳博科夫","https://book.douban.com/subject/28170953/"
"语词谈薮","2023/2","[英]C.S.刘易斯","https://book.douban.com/subject/36290227/"
"Research Methods in Linguistics: Second Edition","","","https://book.douban.com/subject/33244097/"
"Statistical Methods in Language and Linguistic Research","2013/1/1","Pascual Cantos Gomez","https://book.douban.com/subject/6325206/"
"现代数学的概念","2023/3","[英] 伊恩·斯图尔特","https://book.douban.com/subject/36301166/"
"幽暗意识与时代探索","2016/2","张灏","https://book.douban.com/subject/26737986/"
"被牺牲的“局部”","2023/2","马俊亚","https://book.douban.com/subject/35998414/"
"緣起香港","2022/7","黃心村","https://book.douban.com/subject/35951909/"
"迷影","2021/12","[法]安托万·德巴克","https://book.douban.com/subject/35682943/"
"Spoken Language Processing","2001/04/25","Xuedong Huang","https://book.douban.com/subject/1823030/"
"Handbook of Natural Language Processing, Second Edition","2010/2/22","Chapman and Hall/CRC","https://book.douban.com/subject/4621085/"
"论牺牲","2021/3","[英] 特里·伊格尔顿","https://book.douban.com/subject/35218417/"
"Python机器学习基础教程","2018/1","[德] 安德里亚斯·穆勒","https://book.douban.com/subject/30147778/"
"啟蒙是連續的嗎？","2020/1","王汎森","https://book.douban.com/subject/34958515/"
"汉语方言地理学","2003/7/1","贺登崧","https://book.douban.com/subject/1413247/"
"Speech and Language Processing, 2nd Edition","2008/5/16","Daniel Jurafsky","https://book.douban.com/subject/2403834/"
"统计自然语言处理基础","2005/1","Chris Manning","https://book.douban.com/subject/1224802/"
"Foundations of Statistical Natural Language Processing","1999/6/18","Christopher D. Manning","https://book.douban.com/subject/1776634/"
"十年一觉电影梦","2013/4","张靓蓓","https://book.douban.com/subject/21361157/"
"少年凯歌","2001/6","人民文学出版社","https://book.douban.com/subject/1091203/"
"中文打字机","2023/1","[美] 墨磊宁","https://book.douban.com/subject/36089563/"
"Python自然语言处理","2010/6","(英)伯德","https://book.douban.com/subject/5336893/"
"深度学习进阶","2020/10/14","[ 日］ 斋藤康毅","https://book.douban.com/subject/35225413/"
"自然语言处理基础教程","2021/11","王刚","https://book.douban.com/subject/35666307/"
"自然语言处理NLP从入门到项目实战","2021/11/1","艾浒","https://book.douban.com/subject/35879823/"
"Python中文自然语言处理基础与实战","2022/1","肖刚,张良均","https://book.douban.com/subject/35715290/"
"R Graphics Cookbook","2013/1/3","Winston Chang","https://book.douban.com/subject/10831542/"
"R Inferno","2012/2/12","Patrick Burns","https://book.douban.com/subject/10530380/"
"语音学和音系学词典","","R. L. Trask","https://book.douban.com/subject/3305472/"
"Phonetics","2020/2","Henning Reetz","https://book.douban.com/subject/34974161/"
"语音学","2018/10","[德]亨宁·雷茨（Henning Reetz）","https://book.douban.com/subject/30443691/"
"汉文与东亚世界","2022/10","[韩] 金文京","https://book.douban.com/subject/35998817/"
"汉语方言极限声调清单研究","","冉启斌","https://book.douban.com/subject/30563893/"
"如何做研究","2021/8","[英]洛兰·布拉克斯特","https://book.douban.com/subject/35544801/"
"独抒己见","2018/7","[美] 弗拉基米尔·纳博科夫","https://book.douban.com/subject/27138720/"
"预训练语言模型","2021/5","邵浩","https://book.douban.com/subject/35458428/"
"瘟疫之夜","2022/10","[土耳其] 奥尔罕·帕慕克","https://book.douban.com/subject/36016812/"
"The Celtic Languages (Cambridge Language Surveys) (Cambridge L...","1993/02/11","Macaulay, Donald 编","https://book.douban.com/subject/3264962/"
"The Oxford Guide to Australian Languages","2022/10/30","Claire Bowern","https://book.douban.com/subject/35927721/"
"以语言为核","2020/10","文贵良","https://book.douban.com/subject/35293691/"
"中文數學交叉點","2014/1","歐陽偉豪","https://book.douban.com/subject/25875152/"
"英语词根与单词的说文解字","2008/1","李平武","https://book.douban.com/subject/3002766/"
"语言论","1985/02","爱德华·萨丕尔","https://book.douban.com/subject/1116354/"
"语言引论","2017/10","Victoria Fromkin","https://book.douban.com/subject/26576535/"
"Diagnosing Syntax","2013/9/15","Lisa Lai-Shen Cheng","https://book.douban.com/subject/21968536/"
"终了之前","2022/11","[阿根廷]埃内斯托·萨瓦托","https://book.douban.com/subject/36118408/"
"语言学中的科学","2015/9/1","冯胜利","https://book.douban.com/subject/27667601/"
"赵元任日记","2022/10","赵元任","https://book.douban.com/subject/36144951/"
"C Primer Plus（第6版）中文版","2016/4/1","[美] 斯蒂芬·普拉达","https://book.douban.com/subject/26792521/"
"再見楊德昌","2020/4","王昀燕","https://book.douban.com/subject/35065487/"
"撒旦诗篇","2013/8","[英]萨尔曼·拉什迪Salman Rushdie","https://book.douban.com/subject/27619087/"
"人物","2022/10","[美] 罗伯特·麦基","https://book.douban.com/subject/36089525/"
"花街往事","2018/8/1","路内","https://book.douban.com/subject/27605279/"
"语法调查研究手册（第二版）","2019/3","刘丹青","https://book.douban.com/subject/33332468/"
"悠悠岁月","2021/6/1","[法] 安妮·埃尔诺","https://book.douban.com/subject/35273140/"
"S/Z","2016/7","[法] 罗兰·巴特","https://book.douban.com/subject/26820660/"
"清华语言学（第一辑）","2022/7","张赪","https://book.douban.com/subject/36091446/"
"Elements of Acoustic Phonetics","1995/12/1","Peter Ladefoged","https://book.douban.com/subject/2074273/"
"数字人文与语言文学研究","2022/10","刘颖","https://book.douban.com/subject/36087148/"
"认识电影（修订第14版）","2021/5","[美] 路易斯·贾内梯","https://book.douban.com/subject/35459568/"
"故事","2016/1","罗伯特・麦基","https://book.douban.com/subject/26717137/"
"电影理论读本","2017/1","杨远婴","https://book.douban.com/subject/26938667/"
"潮骚","2021/2","[日]三岛由纪夫","https://book.douban.com/subject/35365849/"
"最后来的是乌鸦","2021/11","[意] 伊塔洛·卡尔维诺","https://book.douban.com/subject/35523114/"
"Püha ja õudne lõhn","2013/8","Robert Kurvitz","https://book.douban.com/subject/30302397/"
"情绪自控力","2014/8/1","朴用喆","https://book.douban.com/subject/25961421/"
"北方的河","2001/3","张承志","https://book.douban.com/subject/1086466/"
"砌石与寒山诗","2018/8","[美]加里·斯奈德","https://book.douban.com/subject/30217925/"
"万尼亚舅舅","1954年9月","契诃夫","https://book.douban.com/subject/4304738/"
"起初·纪年","2022/8/16","王朔","https://book.douban.com/subject/36055837/"
"娜塔莎之舞","2018/3","[英] 奥兰多·费吉斯","https://book.douban.com/subject/27619602/"
"天人五衰","2021/2","[日]三岛由纪夫","https://book.douban.com/subject/35365853/"
"托马斯微积分","2003/1/1","芬尼","https://book.douban.com/subject/1231399/"
"国际语音学会手册","2008","国际语音学会","https://book.douban.com/subject/3204889/"
"“索卡尔事件”与科学大战","2002/5","索卡尔","https://book.douban.com/subject/1521526/"
"The Sounds of the World's Languages","1995/12/20","Peter Ladefoged","https://book.douban.com/subject/2074286/"
"An Introduction to English Phonetics","2010/2/5","Richard Ogden","https://book.douban.com/subject/6333567/"
"被抹去的一家","2022/4","[日] 丰田正义","https://book.douban.com/subject/35792850/"
"死亡的脸","2016/4/15","[美]舍温·努兰（Sherwin Nuland）","https://book.douban.com/subject/26708760/"
"山魈考残编","2021/12","黎幺","https://book.douban.com/subject/35662837/"
"Introduction to Theoretical Linguistics","1968/06/01","John Lyons","https://book.douban.com/subject/3645722/"
"An Introduction to the Grammar of English","2010/1/4","Elly Gelderen","https://book.douban.com/subject/5467537/"
"句法结构","1979/1","[美] 诺姆·乔姆斯基","https://book.douban.com/subject/2298905/"
"物理学家的智性冒险","2022/2","[意]卡洛·罗韦利","https://book.douban.com/subject/35710226/"
"不安之街","2022/5","瑞秋·谢尔曼","https://book.douban.com/subject/35875252/"
"三岛由纪夫，或空的幻景","2022/2/1","[法] 玛格丽特·尤瑟纳尔","https://book.douban.com/subject/35481714/"
"铁道之旅","2018/7","[德]沃尔夫冈•希弗尔布施","https://book.douban.com/subject/30199056/"
"Solitude of Ravens","1991/11/1","Masahisa Fukase","https://book.douban.com/subject/3364044/"
"How to Talk about Videogames","2015/11/15","Ian Bogost","https://book.douban.com/subject/26688298/"
"Alien Phenomenology, or What It's Like to Be a Thing","2012/3/19","Ian Bogost","https://book.douban.com/subject/6991851/"
"厭女的資格","2021/5/29","凱特·曼恩(Kate Manne)","https://book.douban.com/subject/35438516/"
"外婆的蓝色铁皮柜轮椅","2021/8/31","刘毛宁","https://book.douban.com/subject/35540781/"
"科学革命的结构","2012/11","[美]托马斯·库恩","https://book.douban.com/subject/20376550/"
"元图像","2023/1","[美] W. J. T. 米切尔","https://book.douban.com/subject/36124460/"
"世界文明中的技术","2023/1","[英]阿诺德·佩西","https://book.douban.com/subject/36170383/"
"自然语言处理与计算语言学","2020/8","[法] 巴格夫·斯里尼瓦萨-德西坎（Bhargav Srinivasa-Desikan）","https://book.douban.com/subject/35083495/"
"普通语言学教程","","[瑞士] 索绪尔","https://book.douban.com/subject/36158582/"
"方向","2017/4","[法] 马克-安托万·马修","https://book.douban.com/subject/26975609/"
"台湾汉语音韵学史","2017/3","李无未","https://book.douban.com/subject/27040547/"
"里斯本之夜","2017/6","[德] 雷马克","https://book.douban.com/subject/25891006/"
"南方高速","2017/10","[阿根廷] 胡里奥·科塔萨尔","https://book.douban.com/subject/27079479/"
"白色绵羊里的黑色绵羊","2023/1","双雪涛","https://book.douban.com/subject/36124371/"
"戏剧三种","2004/6/1","契诃夫","https://book.douban.com/subject/1057697/"
"大师的盛宴","2015/6","[美] 奥森·斯科特·卡德(编)","https://book.douban.com/subject/26351529/"
"时髦的空话","2022/2","[美]艾伦•索卡尔（Alan Sokal）","https://book.douban.com/subject/35689982/"
"游戏开发：世嘉新人培训教材","2020/4","[日]平山尚","https://book.douban.com/subject/34996720/"
"游戏编程入门","2005/9","莫里森","https://book.douban.com/subject/1435936/"
"The Game Jam Survival Guide","2012/4/2","Christer Kaitila","https://book.douban.com/subject/10764785/"
"破碎的生活","2022/1","[美]康拉德·H.雅劳施","https://book.douban.com/subject/35702682/"
"Routledge Encyclopedia of Narrative Theory","2007/10/31","Herman, David (EDT)/ Jahn, Manfred (EDT)/ Ryan, Marie-Laure (EDT)","https://book.douban.com/subject/4264425/"
"共主观性的现象学","2018/11","[德] 埃德蒙德·胡塞尔","https://book.douban.com/subject/30296424/"
"堂吉诃德的眼镜","2022/10","张秋子","https://book.douban.com/subject/36093542/"
"潮汐图","2022/1","林棹","https://book.douban.com/subject/35653884/"
"Understanding Analysis","2002/07/12","Stephen Abbott","https://book.douban.com/subject/2133731/"
"牯嶺街少年殺人事件","1991","楊德昌","https://book.douban.com/subject/2155295/"
"辅音现象与辅音特性","2008","冉启斌","https://book.douban.com/subject/3072430/"
"卡拉马佐夫兄弟","2015/2/1","陀思妥耶夫斯基 (Ф.М.Достоевский)","https://book.douban.com/subject/25887924/"
"中国小说史略","1998/01/01","鲁迅","https://book.douban.com/subject/1203363/"
"流俗地","2021/4/1","【马来西亚】黎紫书","https://book.douban.com/subject/35430425/"
"苍老的浮云","2020/5/1","残雪著","https://book.douban.com/subject/35076609/"
"符号学原理","2008/1","[法] 罗兰·巴尔特","https://book.douban.com/subject/2567397/"
"什么是社会语言学","2014/9","游汝杰","https://book.douban.com/subject/26755388/"
"语法讲义","1982/9","朱德熙","https://book.douban.com/subject/1134199/"
"中国历代政治得失","2001","钱穆","https://book.douban.com/subject/1003479/"
"风景","1995/12/19","方方","https://book.douban.com/subject/2027824/"
"如何現代，怎樣文學？","2008年2月","王德威","https://book.douban.com/subject/3119520/"
"怎样写领导讲话稿","2008/2","赵华","https://book.douban.com/subject/2702253/"
"语言政策","2011/9","[以]博纳德•斯波斯基","https://book.douban.com/subject/6900272/"
"小说机杼","2015/8","詹姆斯·伍德","https://book.douban.com/subject/26394876/"
"文城","2021/3","余华","https://book.douban.com/subject/35335514/"
"三只忧伤的老虎","2021/7","[古巴] 吉列尔莫·卡夫雷拉·因凡特","https://book.douban.com/subject/27625543/"
"博尔赫斯的面孔","2014/2/15","格非","https://book.douban.com/subject/25799286/"
"路翎研究资料","2010/1","杨义","https://book.douban.com/subject/4254102/"
"当我们谈论安妮·弗兰克时我们谈论什么","2014/6","（美）内森•英格兰德","https://book.douban.com/subject/25862575/"
"博尔赫斯谈话录","2014/11","[阿] 豪尔赫·路易斯·博尔赫斯 著","https://book.douban.com/subject/25952961/"
"齐泽克的笑话","2017/1/1","[斯洛文尼亚] 斯拉沃热·齐泽克","https://book.douban.com/subject/26838875/"
"刺杀骑士团长","2018/3","[日] 村上春树","https://book.douban.com/subject/27199470/"
"游戏","2019/12/1","我是白","https://book.douban.com/subject/34870012/"
"小花旦","2020/10","王占黑","https://book.douban.com/subject/35192639/"
"克拉拉与太阳","2021/3","[英] 石黑一雄","https://book.douban.com/subject/35315153/"
"银河系漫游指南","2005/6","[英] 道格拉斯·亚当斯","https://book.douban.com/subject/1394364/"
"美的历程","2009/7","李泽厚","https://book.douban.com/subject/3410718/"
"斯通纳","2016/1","[美] 约翰·威廉斯","https://book.douban.com/subject/26425831/"
"刀锋","2007/3","[英]毛姆","https://book.douban.com/subject/2035162/"
"冰与火之歌（卷一）","2005/5","[美] 乔治·R. R. 马丁","https://book.douban.com/subject/1336330/"
"失明症漫记","2014/2","[葡] 若泽·萨拉马戈","https://book.douban.com/subject/20428302/"
"海风中失落的血色馈赠","2015/6/1","[加拿大] 阿利斯泰尔·麦克劳德","https://book.douban.com/subject/26357614/"
"叶嘉莹说汉魏六朝诗","2007/1","叶嘉莹","https://book.douban.com/subject/1961670/"
"谈艺录","2007/12","钱锺书","https://book.douban.com/subject/2988970/"
"诗艺","2015/6","[阿根廷] 豪·路·博尔赫斯","https://book.douban.com/subject/25899957/"
"顾随诗词讲记","2010/9/1","顾随","https://book.douban.com/subject/5311593/"
"大象席地而坐","2019/11","胡迁","https://book.douban.com/subject/34866400/"
"白鲸","2007/7","[美]赫尔曼·麦尔维尔","https://book.douban.com/subject/2170030/"
"非暴力沟通","2009/1","[美] 马歇尔·卢森堡","https://book.douban.com/subject/3533221/"
"京华烟云","2005/7","林语堂","https://book.douban.com/subject/1391191/"
"生活在别处","2004/5","[捷克] 米兰·昆德拉","https://book.douban.com/subject/1013225/"
"芳华","2017/4","[美国] 严歌苓","https://book.douban.com/subject/27010212/"
"笑傲江湖（全四册）","1994/5","金庸","https://book.douban.com/subject/1002299/"
"君主论","2005/10","[意]尼科洛·马基雅维里","https://book.douban.com/subject/1060774/"
"24个比利","2015/6/30","[美] 丹尼尔·凯斯","https://book.douban.com/subject/26371317/"
"天龙八部","1994/5","金庸","https://book.douban.com/subject/1255625/"
"红楼梦考证","2016/7/1","胡适","https://book.douban.com/subject/27116548/"
"凡·高书信全集","2016/5","荷兰凡·高博物馆 海牙惠更斯历史研究所主编","https://book.douban.com/subject/26804113/"
"三个火枪手","2010/4","[法国] 大仲马","https://book.douban.com/subject/4897628/"
"如父如子","2018/4","[日] 是枝裕和","https://book.douban.com/subject/27611824/"
"娱乐至死","2011/6","[美] 尼尔·波兹曼","https://book.douban.com/subject/1062193/"
"橙","2010/10","安东尼","https://book.douban.com/subject/5327697/"
"牡丹亭","1963/4/1","汤显祖","https://book.douban.com/subject/1073708/"
"渴望生活","2008/4","[美] 欧文·斯通","https://book.douban.com/subject/3054821/"
"尼罗河上的惨案","2006/5","[英] 阿加莎·克里斯蒂","https://book.douban.com/subject/1818347/"
"國史大綱（上下）","2013/8","錢穆","https://book.douban.com/subject/1046492/"
"中国哲学简史","2004/1","冯友兰","https://book.douban.com/subject/1021273/"
"不存在的骑士","2012/4","[意] 伊塔洛·卡尔维诺","https://book.douban.com/subject/6789551/"
"悉达多","2009/3","[德] 赫尔曼·黑塞","https://book.douban.com/subject/3406401/"
"温柔的夜","2007/5","三毛","https://book.douban.com/subject/2068249/"
"三体全集","2012/1","刘慈欣","https://book.douban.com/subject/6518605/"
"西方哲学史（上卷）","1963/9","[英] 罗素","https://book.douban.com/subject/1008189/"
"茶馆","2002/1","老舍","https://book.douban.com/subject/1036613/"
"哈姆莱特","2001/1","[英] 莎士比亚","https://book.douban.com/subject/1006197/"
