游戏名称,个人评分,打分日期,我的短评,发行日期,条目链接
"谜之村雨城 谜の村雨城/Nazo no Murasame Jou","","2026/02/21","","1986-04-14","https://www.douban.com/game/35361111/"
"镇民纪 Townsfolk","4","2026/02/20","","2025-04-02","https://www.douban.com/game/37938466/"
"Nintendo Switch 运动 Nintendo Switch Sports","4","2026/02/20","","2022-04-29","https://www.douban.com/game/35764203/"
"混音盒 incredibox","4","2026/02/19","爽","2016-06-05","https://www.douban.com/game/35301051/"
"HackHub: Free Trial","","2025/11/01","比预料中好的（又一个）黑客模拟器游戏","2024-11-04","https://www.douban.com/game/37816486/"
"小小书店 Tiny Bookshop","5","2025/08/20","首发bug略多，特别是翻译有很多问题。不过好在开发者修改和debug很及时，截至目前选品也已经有所改善。难得出现一款前中期可玩性还不错的温馨、慢叙事风格的书店经营和书籍推荐类型游戏，五星鼓励！","2025-08-07","https://www.douban.com/game/36438629/"
"Little Chef","","2025/07/30","可爱的排列组合做饭小游戏","2023-01-01","https://www.douban.com/game/37061599/"
"面容采集者 Faceminer","2","2025/07/11","套了一堆壳的纯点击类游戏，在游戏性和叙事上都相对失败。","2025-02-28","https://www.douban.com/game/37410050/"
"黄金像谜案：兰卡之蛛 Golden Idol Mysteries: The Spider of Lanka","4","2025/07/04","补标。比本体更难，狂练英语完型系列…","2023-05-05","https://www.douban.com/game/36751894/"
"黄金像谜案：雷姆利亚吸血鬼 Golden Idol Mysteries: The Lemurian Vampire","4","2025/07/04","","2023-08-31","https://www.douban.com/game/36751895/"
"塞尔达传说 旷野之息 ゼルダの伝説 ブレス オブ ザ ワイルド","5","2025/07/03","神","2017-03-03","https://www.douban.com/game/26817171/"
"异域镇魂曲：增强版 Planescape: Torment: Enhanced Edition","5","2025/07/03","","2017-04-11","https://www.douban.com/game/27007011/"
"史丹利的寓言：终级豪华版 The Stanley Parable: Ultra Deluxe","5","2025/07/03","玩完了但是不舍得写评价，也感觉可能会写不好，码住之后认真写。@2024-7-25","2022-04-27","https://www.douban.com/game/34907065/"
"堆叠世界 Stacklands","4","2025/07/03","感觉这个工作室的多数游戏都是同一个机制的变体，因此虽然画风可爱但难免觉得新意有限。另一个问题有点太上头了一点开就根本停不下来……","2022-04-09","https://www.douban.com/game/35884077/"
"行人 The Pedestrian","5","2025/06/30","设计、创意、场景、美术俱佳的解谜游戏，2D与3D关联的又一种探索。游戏的解谜难度梯度恰到好处，偶有彩蛋，结尾亮眼，可以看出是用心打磨过的佳作。虽然剧情略显平庸，但对于独立游戏来说已经是满分考卷级别。","2020-01-30","https://www.douban.com/game/27000441/"
"Egg Squeeze","3","2025/06/29","","2024-10-02","https://www.douban.com/game/37410629/"
"苏丹的游戏","3","2025/05/28","有点像混乱邪恶版纵欲版密教模拟器，美术文本都蛮用心，有的朋友肯定会特别喜欢但是整体来说not my type。至于评论区和小组其他关于这个游戏的争吵，实在有点太无聊了无法装作关心。","2025-03-31","https://www.douban.com/game/37022720/"
"超级大金刚 スーパードンキーコング","4","2025/05/27","从gameboys版本到超任版，画面大提升","1994-11-26","https://www.douban.com/game/26339642/"
"超级拳无虚发 Super Punch-Out!!","4","2025/05/27","年轻小伙暴打形态各异老登，有点像The Simpsons里Bart和Homer玩的那款。","1998-03-01","https://www.douban.com/game/25889222/"
"超级马力欧世界 スーパーマリオワールド","5","2025/05/27","","1990-11-21","https://www.douban.com/game/25857909/"
"电动火车 Electric Trains","4","2025/05/22","俄罗斯作者单人开发的火车模拟游戏，关卡数量不多但至今还在更新，玩法返璞归真但给人意料之外的心流体验。","2019-08-10","https://www.douban.com/game/37361670/"
"过山车大亨 RollerCoaster Tycoon","5","2025/05/21","该有的功能特性都有，杀时间利器加一。苦心经营逐渐做大做强，结果中途过山车事故撞毁死了14个乘客给我良心带来极大不安，来豆瓣才发现大家都把顾客往水里扔决定一会儿也要去试试（？）…总之莫名很爱这种古早像素风格的模拟经营游戏！

以及用Porting Kit在macOS可以无bug顺利游玩👍","1999-03-31","https://www.douban.com/game/10739741/"
"冰汽时代 Frostpunk","4","2025/05/12","本来以为会是套壳经营类游戏，但出乎意料地好！玩完感觉自己在屏幕前也浑身发冷了……","2018-04-24","https://www.douban.com/game/26978721/"
"滚巨石的西叙福斯 Sisyphos","","2025/04/20","滚石上山","2014-10-05","https://www.douban.com/game/26657353/"
"俄勒冈之旅 The Oregon Trail","","2025/03/31","","1982-12-31","https://www.douban.com/game/26347742/"
"双影奇境 Split Fiction","4","2025/03/29","Mio视角一周目通关。本作延续了双人成行的游戏机制和优秀的场景塑造，双女主且基本无男凝的人物设计值得好评，以及还是一样的脑洞大开和各路致敬，通过支线的方式虽然略显大杂烩但也有点巧妙地探索了各种场景和游戏风格，可以说仍然是目前双人合作类里毋庸置疑的高水平游戏。

可惜关卡设计的丰富程度和趣味性上似乎稍逊一筹：平台跳跃似乎太多、Boss战大同小异、能自由探索发掘的小游戏也变少了，经常四处探索走到一处似乎有点什么的地方却发现啥也没有只能折返。而且虽然这次的场景特效也相当用心，但我其实还是更喜欢双人成行中的，直到最后一关才觉得整个游戏重新精彩起来。叙事和人物塑造什么的也是普通爆米花电影级别，略无聊，不过对于合家欢游戏本来也没有太多期待，爽就完事。最后认认真真看完了漫长的制作人员名单，好多人啊.jpg","2025-03-07","https://www.douban.com/game/37083957/"
"Swift游乐场 Swift Playgrounds","","2025/03/22","","2014-06-02","https://www.douban.com/game/35356616/"
"银河历险记 Samorost 1","","2025/03/22","","2003-01-02","https://www.douban.com/game/10735080/"
"LOK编码 LOK Digital","4","2025/03/16","","2024-12-12","https://www.douban.com/game/37153918/"
"握握手一起走 Handshakes","4","2025/03/16","🫱🫱🫱🫱🫱🫱🤝🫲🫲🫲🫲🫲🫲","2023-01-13","https://www.douban.com/game/36215309/"
"跳舞的线 Dancing Line","","2025/03/16","","2016-12-13","https://www.douban.com/game/26942717/"
"长号冠军 Trombone Champ","","2025/03/16","笑死我了","2022-09-15","https://www.douban.com/game/36102242/"
"巴别号漫游指南 A Guidebook of Babel","2","2025/03/16","呃","2023-08-03","https://www.douban.com/game/35457013/"
"数据结构之森","","2025/03/16","","2023-05-19","https://www.douban.com/game/36417100/"
"司。 Ord.","4","2025/03/13","","2019-06-05","https://www.douban.com/game/34890900/"
"TELEFORUM","3","2025/03/13","很有itch味儿的诡异恐怖风格+录像片段拼接叙事小游戏，但也没太多特点。","2023-10-20","https://www.douban.com/game/36612349/"
"朋友聚会 新生活 トモダチコレクション 新生活","5","2025/02/17","每日欢乐源泉，太抽象太好玩了！！！很喜欢利用3ds各种功能打破第四面墙的设计，唯一比较大的缺点是性取向太单一，好可惜在后续机型暂时无续作。更新：发现解决烦恼bug无需导出存档，只要快速退出新闻即可解决！","2013-04-18","https://www.douban.com/game/25910139/"
"马力欧卡丁车7 マリオカート7","4","2025/02/11","","2011-12-01","https://www.douban.com/game/10767870/"
"立体绘图方块2 カタチ新発見!立体ピクロス2","5","2025/02/07","大赞，玩起来很解压","2015-10-01","https://www.douban.com/game/26636175/"
"超级马力欧 3D乐园 スーパーマリオ 3Dランド","5","2025/02/07","之前不常玩平台跳跃游戏，但是这个真的好玩啊！！！","2011-11-03","https://www.douban.com/game/10736732/"
"倒影与告解室 Deathless Death","2","2025/01/27","虽然游戏假借了宗教中的告解与审判的形式来讨论亲密关系，但仅仅停留在了坦诚地剖析和言语层面上的悔过，讨论罪但不讨论具体的救赎和自由——神父关注的是个体的心理还是要寻找可归因的罪名？救赎就只是欲望的不存在吗？处罚又是什么？——本质和宗教没什么关系。这种情况下“教堂”和“神父”的设置也几乎都是幻想性的、没有太大实际意义的。而游戏尽管给审判设置了不同的结局，但没有什么真正的影响，也和最终剧情相当大程度上并无关联——在几秒钟决定的一个个处罚或救赎中，玩家本质是在决定或者表达什么？为什么自认为自己有权力做这种选择？我不知道。最后，关于爱与婚姻的讨论结果是什么？我也不知道。我只觉得这种形式的所谓告解越是真诚就越是虚伪。","2024-11-14","https://www.douban.com/game/36866591/"
"撞球咖啡馆 Shufflepuck Café","4","2025/01/17","","1989-06-07","https://www.douban.com/game/37188549/"
"黄金像凶杀案 The Case Of The Golden Idol","5","2025/01/13","2024年玩到的最喜欢的游戏之一","2022-10-13","https://www.douban.com/game/36136277/"
"公共电话 公衆電話","","2025/01/09","","2018-08-27","https://www.douban.com/game/37055748/"
"1943：中途岛海战 1943 ミッドウェイ海戦","","2025/01/07","","1988-06-20","https://www.douban.com/game/24299609/"
"记忆幻觉 Déjà Vu","4","2025/01/06","用Mini vMac玩的B&W版本，感觉比Amiga DOS的彩色版体验好很多，而且交互方式在今天看来特别有趣。","1985-03-09","https://www.douban.com/game/25761276/"
"模拟城市 SimCity","5","2025/01/06","最古早的Simcity——交通只有公路铁路码头机场，公共设施只有警察局消防局体育场，建筑区只有工业区商业区住宅区，但已经为整个系列和同类型游戏奠定了最基础的玩法，同时甚至可以设置游戏速度，还有随机灾难可以丰富居民生活。尽管在今天看来操作和画面都稍显古早，但实际操作仍然算得上方便，黑白像素画面（没错我玩的是Mac版）细看十分精致，尽管已经尊为爷爷辈老游戏但仍然是愉快的杀时间利器。","1991-04-26","https://www.douban.com/game/25845060/"
"纸飞机4.0 Glider 4.0","4","2025/01/06","颇具巧思的躲避障碍小游戏，童年的纸飞机又飞回我手里。开源好评！","1991-01-01","https://www.douban.com/game/34824289/"
"宝可梦TCG Pocket Pokémon Trading Card Game Pocket","","2025/01/05","每日愉快抽卡，梦幻ex+超梦ex真好用！","2024-10-30","https://www.douban.com/game/36853437/"
"狼人清洁工 The WereCleaner","","2025/01/03","","2024-05-08","https://www.douban.com/game/36904575/"
"精神检验师 Mind Scanners","2","2024/12/30","","2021-05-20","https://www.douban.com/game/35414646/"
"动物之森 口袋营地 どうぶつの森 ポッケトキャンプ","","2024/12/30","记得高中的时候假期无聊时很想玩动森但又没有switch，只好好奇地玩了半天手机版。","2017-11-22","https://www.douban.com/game/27180105/"
"漫长等待 :THE LONGING:","5","2024/12/29","一团苔藓。柔软得好像孤独的思想。","2020-03-05","https://www.douban.com/game/34907770/"
"冥界狂想曲 复刻版 Grim Fandango Remastered","5","2024/12/29","不管有怎样的（黑色电影/红色革命）外壳，Grim Fandango仍然是一个关于死亡的故事，而这也是它的魅力的根本来源之一，因为人们永远会对死亡和阐释死亡的一千零一种方式无限好奇。在《寻梦环游记》中，万寿菊是亡灵世界里唯一有生命的植物、引领亡者的花朵。而在Grim Fandango中，骷髅们躯体的死亡会伴随着花朵的产生，因此美丽的鲜花对他们来说却意味着痛苦的生命之毁灭、腐败和消亡，但其实也意味着新生。

Grim Fandango不是那种惯常的关于死亡与遗忘的故事，你的第二次死亡并不一定是所爱之人的遗忘，而是关于你与自己的和解：关于如何自我救赎、如何现实地面对死亡——你的躯体会切切实实地被分解，成为土壤成为空气成为花朵，或者成为别的我们尚且不知道的某种事物——但在此之前，你仍有机会做点什么。","2015-01-27","https://www.douban.com/game/26699076/"
"冥界狂想曲 Grim Fandango","5","2024/12/29","","1998-10-30","https://www.douban.com/game/20394340/"
"逆转检事2 逆転検事2","","2024/12/20","","2011-02-03","https://www.douban.com/game/11541337/"
"远方 loner","","2024/12/20","","2017-05-25","https://www.douban.com/game/35177462/"
"洪水 The Flood","","2024/12/20","","2018-03-30","https://www.douban.com/game/30243996/"
"致命公司 Lethal Company","4","2024/12/17","先是和朋友一起玩，之后甚至在游戏里认识了不少朋友，感觉很有意思！当朋友的声音越来越远的时候我自己一个人真的会紧张哈哈哈哈……遗憾是感觉更新更得有点不太喜欢，更喜欢大家各种卡乱七八糟bug的版本。","2023-10-24","https://www.douban.com/game/36658483/"
"GameBoy Advance Nintendo Classics ゲームボーイアドバンス Nintendo Classics","","2024/12/13","","2023-02-09","https://www.douban.com/game/36239033/"
"霰弹枪王：最后的将死 Shotgun King: The Final Checkmate","4","2024/12/12","相当不错的肉鸽国际象棋游戏","2022-05-12","https://www.douban.com/game/35875214/"
"菲斯 FEZ","5","2024/12/12","游玩Fez的中前期体验是美好、惊艳而绝望：尽管之前已经了解过这个游戏的大致机制，真正上手玩的时候还是被这款发售多年的游戏惊讶到了。在熟悉了最初的控制按键之后，绝大多数的前期解谜都是相当轻松丝滑的，有相当一段时间我都沉浸在设计的精巧和像素艺术之美里，很多未知谜题的设置也给玩家留足了想象的空间。绝望的心情则来源于想到自己如果做游戏，肯定一辈子也做不出来这种同时拥有天才创意和缜密设计的游戏。

但越玩到后面越感到有一个说大不大说小不小的问题：非线性关卡和有限的传送导致这个游戏从解谜游戏变成了跑图游戏，而再好的图也会跑腻，因此虽然通过后戴上墨镜打开3D视角很酷，但我反正是不想再从头到尾找一遍错失的细节了。如果是那种刚发售没有任何指南的游戏，我或许会有动力。","2012-04-13","https://www.douban.com/game/11610989/"
"雷帕布里亚时报 The Republia Times","4","2024/11/26","","","https://www.douban.com/game/25885671/"
"奇迹商人 Miracle Merchant","3","2024/11/25","","2017-08-01","https://www.douban.com/game/30414693/"
"OpenTTD","5","2024/11/17","","","https://www.douban.com/game/10754244/"
"奥森弗里 Oxenfree","4","2024/10/30","控制比较一般，感觉一直在绕来绕去强行拖延时间，玩罢疲惫到根本不想二周目。剧情、对话和选择还可以，主要是以收音机和无线电波构建的主题和解谜方式很有巧思，结尾也很有意思。","2016-01-16","https://www.douban.com/game/26711585/"
"Cuckoo Curling","4","2024/10/22","","2015-12-19","https://www.douban.com/game/35253337/"
"短途旅行 A Short Hike","5","2024/10/01","攀登、滑翔，到达顶峰。特别喜欢温馨明丽的游戏氛围，还有很多丰富可爱的小细节。","2019-07-30","https://www.douban.com/game/34449385/"
"饥荒 Don't Starve","4","2024/10/01","","2013-04-23","https://www.douban.com/game/24017230/"
"小小生活 Tiny Life","3","2024/09/30","像素+精简版模拟人生，但不知道为什么玩起来还挺上头的","2023-05-03","https://www.douban.com/game/36392487/"
"瘟疫传说：无罪 A Plague Tale: Innocence","3","2024/09/30","","2019-05-14","https://www.douban.com/game/27066087/"
"用心组装 Assemble with Care","3","2024/09/28","音乐很不错，甚至还有中文配音，但是情节很一般","2019-09-19","https://www.douban.com/game/34856699/"
"世界盒子 WorldBox","4","2024/09/26","上帝模拟器","2019-03-21","https://www.douban.com/game/35177192/"
"妈妈把我的游戏藏起来了 ママにゲーム隠された","4","2024/09/24","好像是高中放暑假时玩到的游戏，很癫很喜欢","2016-08-08","https://www.douban.com/game/26859646/"
"会说话的汤姆猫 Talking Tom Cat","","2024/09/24","不曾get到的童年经典","2010-06-26","https://www.douban.com/game/26691040/"
"水果忍者 Fruit Ninja","","2024/09/24","","2010-04-21","https://www.douban.com/game/10751877/"
"地铁跑酷 Subway Surfers","4","2024/09/24","在跑酷类游戏中属于我比较喜欢的，直到有一天在发小家玩，他妈妈看我玩这个玩了很久后发出灵魂质问：“所以就是这样一直重复地跑下去吗，意义是什么？（这有什么好玩的？）”我突然感觉好像也没法反驳…","2012-05-24","https://www.douban.com/game/11233034/"
"割绳子 Cut the Rope","","2024/09/24","","2010-10-05","https://www.douban.com/game/10734136/"
"愤怒的小鸟 Angry Birds","","2024/09/24","","2009-12-01","https://www.douban.com/game/10781566/"
"贪吃蛇大作战","4","2024/09/24","童年记忆","2016-06-08","https://www.douban.com/game/26872784/"
"模拟人生免费版 The Sims FreePlay","","2024/09/24","高中时还没有自己的电脑，不记得在哪里刷到不少关于模拟人生3和4的帖子，当时特别眼馋，所以用手机上的免费版代餐。","2012-01-26","https://www.douban.com/game/26367947/"
"狂野飙车8：极速凌云 Asphalt 8: Airborne","","2024/09/24","","2013-08-22","https://www.douban.com/game/26366653/"
"弓箭手大作战 Arrow.io","4","2024/09/24","初中时特别喜欢，到后来感觉运营得不太好。","2016-12-19","https://www.douban.com/game/26973927/"
"风子 Miss Wind","4","2024/09/24","中学时期玩过，画风很清新，玩起来有点难度但也挺有意思","2015-10-01","https://www.douban.com/game/26959779/"
"疯狂动物园 Rodeo Stampede - Sky Zoo Safari","3","2024/09/24","只记得广告好多…","2016-06-22","https://www.douban.com/game/26825022/"
"僵尸过马路 Steppy Pants","4","2024/09/24","是w在App Store发现的游戏，我也跟着玩结果意外发现很擅长，火速青出于蓝哈哈","2016-05-31","https://www.douban.com/game/26811448/"
"妈妈把我的游戏藏起来了2 ママにゲーム隠された2","","2024/09/24","","2017-01-05","https://www.douban.com/game/26952300/"
"冰箱里的布丁被吃掉了 冷蔵庫のプリン食べられた","","2024/09/24","","2017-07-27","https://www.douban.com/game/27111597/"
"特工A - 伪装游戏 Agent A: A puzzle in disguise","3","2024/09/24","普通解谜","2019-08-29","https://www.douban.com/game/26663538/"
"逆转裁判123 成步堂精选集 逆転裁判123 成歩堂セレクション","5","2024/09/24","“多余的情感”已经经典永流传，成剑真好嗑！虽然是解谜推理游戏但同时也很接近于交互式小说，各种角色塑造都很鲜活（特别是…大婶…），而且很多剧情虽然很架空但还是佩服巧舟脑洞！缺点就是玩起来有点容易困而且我不太喜欢里面一些立绘，不过毕竟是日本游戏+老游戏所以也见怪不怪了。","2014-12-09","https://www.douban.com/game/25890885/"
"骰子地下城 Dicey Dungeons","4","2024/09/24","","2019-08-13","https://www.douban.com/game/30229497/"
"锈湖：旅馆 Rusty Lake Hotel","4","2024/09/24","经典锈湖解谜，喜欢！（居然漏标了）","2015-12-14","https://www.douban.com/game/36121796/"
"纸牌 Microsoft Solitaire","","2024/09/22","","1990-05-22","https://www.douban.com/game/26306879/"
"看火人 Firewatch","2","2024/09/21","捡起来两年前搁置的游戏重新玩，感觉每个游戏的被搁置都是有道理的。Firewatch其实是可以称得上是精心制作，美术和地图设计都还不错，但叙事实在是过于糟糕：不仅给逃避家庭的中年已婚男主和风趣女上司设计了莫名其妙的感情线（太意淫了玩起来感觉如同吃苍蝇），整体“解谜”流程也是虎头蛇尾，我敢确信每个玩家游玩到中途时脑补出来的剧情都比结局揭晓的有意思得多，而且甚至是单结局。虽然风景和地图设计挺用心，但这个伪开放世界里过多的空气墙实在让人极其难受，反复跑图纯粹是在硬刷游戏时长，再好看的景色也会看厌，要是中途能多埋点探索彩蛋会更好。玩罢想法：……就这？？不管了终于熬到结束了……","2016-02-10","https://www.douban.com/game/26308123/"
"胡闹厨房 Overcooked!","","2024/09/21","","2016-08-04","https://www.douban.com/game/26855597/"
"那夜，血河浸泡 that night, steeped by blood river","3","2024/09/20","itch上刷到的游戏，有点Broken Reality的感觉但叙事更意识流。流程虽然不长但也算完整。","2020-11-13","https://www.douban.com/game/36890197/"
"山河旅探 Murders on the Yangtze River","3","2024/09/19","由于毫无期待，随手下载试玩的，因此比我想象的稍好一点。期待日后可以见到更多有独立创意的国产游戏。","2024-01-31","https://www.douban.com/game/35883769/"
"扮演卡夫卡 Playing Kafka","4","2024/09/17","忘记标了，不错的游戏，高度基于原著但又不失有趣。说起来感觉好像已经出现n款与卡夫卡相关游戏，究竟为什么是卡夫卡？","2024-05-21","https://www.douban.com/game/36853400/"
"代号47：出击 Hitman Go","","2024/09/14","","2014-02-09","https://www.douban.com/game/26410549/"
"这就是警察 2 This Is the Police 2","3","2024/09/14","","2018-07-31","https://www.douban.com/game/30155153/"
"致命框架 FRAMED","4","2024/09/14","","2014-11-13","https://www.douban.com/game/26361435/"
"不朽 IMMORTALITY","5","2024/09/12","目前最好的关于电影的游戏之一，剪辑拉片剧情一应俱全，物体识别串联片段的方式非常亮眼。三部电影外加电影摄制、准备视频（也可以说有点Meta）的体量难免让人疲惫，中途陷入一阵机械狂点。不论是电影原片（指第一部）还是幕后剧情都有些过于邪典，不过这样的内容倒算是和倒放影像挖掘真相的方式暗合了。总之成也叙事败也叙事，但绝对是同类型佳作，五星鼓励。以及不知道为什么让我想起圣女贞德……","2022-08-31","https://www.douban.com/game/35494599/"
"骨雕南岛Ⅰ South Scrimshaw","5","2024/09/08","","2020-07-27","https://www.douban.com/game/36576881/"
"co-open","4","2024/09/06","cute","2021-06-12","https://www.douban.com/game/37032139/"
"布兰特爵士的生平和痛苦 The Life and Suffering of Sir Brante","3","2024/08/25","前半段英文后半段中文的一周目结束了，好心办坏事被迫酿成大屠杀，良心不安只好以死谢罪（并自罚堕入柱底），对家人很愧疚，唯一值得安慰的事是弟弟内森走上了救赎之路。一开始感觉双子神和贵族平民这些设定很有意思（很俄），但是青年以后的生活就越来越《青春之歌》了，即使每个选择你都已经知道大致的结局，但也只能越来越身不由己。虽然整体来说很有意思，但越到后面影射就变得过于明显，以至于有一点不那么“好玩”了。不过游戏的形式我还是很喜欢的！如果可以有更长的时间跨度，纵横更漫长的家族史和其他各种史就更好了。所以在变革的混乱时代人的生活究竟由什么决定？回答不了，因为根本没什么能够决定。","2021-03-04","https://www.douban.com/game/35385103/"
"请勿乱动 Please, Don't Touch Anything","4","2024/07/25","美术很省心但埋了超多梗（Futurama、Back to Future、2001太空漫游、沙虫、史丹利的寓言、Papers Please……）的解谜游戏，看似简单的只有一个按钮的开局却暗藏无数解谜机关，并通过位数把不同数字按键的触发分隔开，可以说很有巧思。不过对我来说还是有些过于烧脑了，完全没想到xxxx居然可以直接就是输入xxxxxxx（手动打码）……有些对谜题非英语母语者也有点难猜。以及我用紫外线灯照了半天，观察那些乱七八糟曲线还用备忘录记下来好多串数字各种分析，最后发现和游戏解谜没关系🙃","2015-03-26","https://www.douban.com/game/26370570/"
"部落冲突 Clash of Clans","3","2024/07/24","小时候短暂沉迷过（毕竟这种游戏的设计就是为了沉迷）","2012-08-02","https://www.douban.com/game/21980528/"
"里奥小镇 TheoTown","4","2024/07/14","画风和一些细节很像OpenTTD的模拟城市游戏，唯一缺点就是我玩的iPad版本有广告😢","2015-04-11","https://www.douban.com/game/34968114/"
"石头纪 Stone Story RPG","","2024/07/14","ASCII，但是机制很无聊","2023-07-27","https://www.douban.com/game/27159305/"
"天空商人 Merchant of the Skies","2","2024/07/05","boring","2020-04-17","https://www.douban.com/game/35045598/"
"Vanakatu","","2024/06/28","","2024-06-07","https://www.douban.com/game/36946645/"
"蜜蜂碳化 Beecarbonize","4","2024/06/27","看似是资源管理自动卡牌游戏，实则是绿色建设绿色生活宣传教育（其他几条路也太难了），真的做到寓教于乐。","2023-08-01","https://www.douban.com/game/36521545/"
"20个小迷宫 20 Small Mazes","","2024/05/25","","2024-02-16","https://www.douban.com/game/36774098/"
"Family Computer Nintendo Classics ファミリーコンピュータ Nintendo Classics","","2024/05/25","","2019-04-23","https://www.douban.com/game/36207445/"
"可口的披萨，美味的披萨 Good Pizza,Great Pizza","4","2024/05/11","封校那阵狠狠沉迷过这个游戏，边玩边馋达美乐，可惜当时连外卖都点不了。","2016-06-23","https://www.douban.com/game/30377549/"
"披萨大亨2 Pizza Connection 2","4","2024/05/11","","2001-10-09","https://www.douban.com/game/30127170/"
"尼山萨满","4","2024/05/08","大二玩过，感谢“游戏中的法律与历史表达”课程。","2018-07-19","https://www.douban.com/game/30278704/"
"遗物整理师 Project Homecoming Haven","3","2024/04/29","感人的小游戏，私以为如果做成每收起一件物品就弹出对白会更好。","2024-02-06","https://www.douban.com/game/36809025/"
"内在往昔 The Past Within","3","2024/04/29","游戏流程略短，如果不是因为锈湖题材和风格可能会被认为是很平庸的双人伪联机游戏。","2022-11-02","https://www.douban.com/game/35483415/"
"主题医院 Theme Hospital","5","2024/04/19","","1997-03-31","https://www.douban.com/game/10749381/"
"小丑牌 Balatro","5","2024/04/19","除去最近拿到的奖项和全球销量，我在逛Godot Shaders的时候看到了好几个卡牌燃烧消失shader，又在油管刷到How to recreate Balatro's effects的视频，这才真正震撼于Balatro的影响力之全方位。几个月前我刚玩到这款游戏的时候其实并没有觉得多么特别，肉鸽+德扑玩起来很爽，卡牌的动效和美术做得很好，但又没让人觉得是那种设计感和精巧程度达到不可思议地步的游戏，但它就是火得一塌糊涂。不知道为什么想到因为大家过于喜欢第一关而专门出了Kaycee's Mod的Inscryption，虽然没悟但也有点悟了——果然扯其他那些都是虚的，游戏的第一要义就是爽。","2024-02-20","https://www.douban.com/game/36759560/"
"恶魔轮盘 Buckshot Roulette","4","2024/04/19","上帝已死于赌博","2023-12-28","https://www.douban.com/game/36738596/"
"随动回旋镖 Boomerang Fu","4","2024/04/19","欢乐联机小游戏，每次打出惊险骚操作都很有成就感！","2020-08-13","https://www.douban.com/game/35175984/"
"像素哥3 McPixel 3","4","2024/04/19","沙雕解谜，见人就踢！","2022-11-15","https://www.douban.com/game/36157889/"
"红灯笼 The Red Lantern","2","2024/03/12","","2020-10-22","https://www.douban.com/game/34908585/"
"星露谷物语 Stardew Valley","5","2024/03/04","令人沉迷的独立游戏神作。前期想和所有人结婚，后期沉迷各种下矿挑战和赚大钱。如果现实中枯燥的三点一线不可逃避，就让游戏里的自己来辞职过上牧歌式生活（并最终走向不为镇民所知的魔法一面）。大赞1.6更新。","2016-02-27","https://www.douban.com/game/26727125/"
"开箱整理 Unpacking","4","2024/03/04","and we unpack our life","2021-11-02","https://www.douban.com/game/34676679/"
"莱拉是谁？ Who's Lila?","","2024/02/27","太creepy了我选择云通关","2022-02-24","https://www.douban.com/game/35771217/"
"节奏医生 Rhythm Doctor","4","2024/02/21","在干扰中寻找节奏，在音乐中体验病人们的故事。通关后好几天，游戏里的几首曲子仍萦绕于脑海中。","2025-12-06","https://www.douban.com/game/30388317/"
"戒严令 Martial Law","3","2024/02/20","","2021-12-23","https://www.douban.com/game/35712142/"
"太鼓达人 NS版! 太鼓の達人 Nintendo Switchば～じょん!","4","2024/02/12","意想不到的健身神器（专门锻炼胳膊版）","2018-07-18","https://www.douban.com/game/30164611/"
"说剑","4","2024/02/09","比较有趣","2016-02-02","https://www.douban.com/game/26732939/"
"他人即地狱 Hell is Others","3","2024/02/04","鲜血养植物/子弹的设定和美术风格很喜欢，不过感觉储物空间对爱捡垃圾人来说很不够（何况还有死亡惩罚）！从PVP到PVE，单机模式虽然避免了网络和新手保护的问题，但是也让“他人”不复存在，多少有点影响游戏主题的表达。","2022-10-20","https://www.douban.com/game/35284127/"
"亲爱的艾丝特 Dear Esther","5","2024/02/04","词汇量略大。走路好累（晕3D）。风景好压抑好喜欢，感觉很19世纪英国小说。喜欢那句溺水或坠崖时那句“come back”。","2012-02-14","https://www.douban.com/game/19974701/"
"灾难菜谱 Recipe for Disaster","3","2024/02/03","出乎意料地还不错，甚至比《双点医院》这种同类游戏有更强的可定制性（虽然不如其精致和幽默），比如可以自由选择各种价格的室内装修，可以自制各种暗黑recipe，等等。与之相似，本游戏也可以修改员工工资、查看员工的想法、分配特定任务（甚至可以查看下一步路线），与此同时需要管理进货、食品储存、客户反馈、菜品定价等等问题。当然，在我看来也和所有同类型游戏一样在中后期很快变得缺乏新意。","2022-08-05","https://www.douban.com/game/35589059/"
"全网公敌 Cyber Manhunt","2","2024/02/03","交互很烂，添加个人物姓名都要“加载”半天，大量功夫都用在雕琢无意义的特效。而且我也不明白配音和人物名为什么莫名其妙努力想装成外国游戏……当然最重要的是太模仿Orwell了，实在无法玩下去。","2020-08-24","https://www.douban.com/game/35160988/"
"装机模拟器 PC Building Simulator","3","2024/02/03","","2019-01-30","https://www.douban.com/game/30173583/"
"致命框架合集 FRAMED Collection","4","2024/02/01","","2018-05-17","https://www.douban.com/game/30186206/"
"房产达人 House Flipper","3","2024/02/01","看来制作组真的很爱老友记哈哈…","2018-05-17","https://www.douban.com/game/30226208/"
"神界：原罪2 Divinity: Original Sin II","5","2024/01/17","神","2017-09-14","https://www.douban.com/game/26732291/"
"空当接龙 Freecell","","2023/12/30","","1978-06-01","https://www.douban.com/game/10789906/"
"拳皇97 The King of Fighters '97","","2023/12/30","","1997-07-28","https://www.douban.com/game/24705090/"
"俄罗斯方块 Tetris","","2023/12/30","","1984-06-06","https://www.douban.com/game/10736681/"
"Pong","","2023/11/24","","1972-11-29","https://www.douban.com/game/25724928/"
"程序员升职记 Human Resource Machine","4","2023/11/15","挺有意思的游戏，一点点优化真的很折磨也很有成就感！","2015-10-16","https://www.douban.com/game/26643838/"
"米拉奇战记 米拉奇战记 Miragine War","","2023/11/03","童年回忆","2010-11-05","https://www.douban.com/game/35849758/"
"森林冰火人 Fireboy and Watergirl","","2023/11/03","","2009-06-03","https://www.douban.com/game/26599570/"
"保卫萝卜","4","2023/11/03","","2012-08-07","https://www.douban.com/game/14329555/"
"双点医院 Two Point Hospital","4","2023/11/03","“请患者不要死在走廊上。”","2018-08-30","https://www.douban.com/game/27677892/"
"死亡地平线 Dead Horizon","","2023/11/03","","2017-08-12","https://www.douban.com/game/30260222/"
"暗箱 blackbox","4","2023/11/03","很有创意的iPhone/iPad使用指南。","2016-03-14","https://www.douban.com/game/26759687/"
"毛线小精灵2 Unravel Two","4","2023/10/29","挺好的双人游戏，很喜欢可以合体的设计","2018-06-09","https://www.douban.com/game/30244637/"
"展翅翱翔 Wingspan","5","2023/10/29","音乐/美工/玩法都很不错，值得一提的是汉化非常好。不过总觉得桌游还是更适合和朋友聚在一起当面玩，因为可以用聊天充实等待的间隙。","2019-01-01","https://www.douban.com/game/32442916/"
"黄泉之路 Trek to Yomi","3","2023/10/25","场景做得真的很不错，可惜手感太烂了，完全没办法接着玩下去的地步。","2022-05-05","https://www.douban.com/game/35494392/"
"灵魂旅者 Spiritfarer","4","2023/10/25","超级大杂烩：牧场经营+航海解锁地图+轻微类音游（我没怎么玩过不了家怎么形容这种）的收集加工机制+平台跳跃的宝箱探索+灵魂摆渡人的叙事方式。出乎意料地糅合得还不错，但后期有点疲乏。不知道为什么玩之前我一直以为这是一个像素游戏……","2020-08-18","https://www.douban.com/game/34430160/"
"领主与村民 Lords and Villeins","3","2023/10/16","","2022-11-11","https://www.douban.com/game/35196665/"
"木筏 RAFT","4","2023/10/16","挺不错的海上捡垃圾建造生存模拟器，夕阳很美","2022-06-21","https://www.douban.com/game/26949738/"
"孤星寂海 In Other Waters","4","2023/10/06","小而美","2020-04-03","https://www.douban.com/game/30143399/"
"黑客网络 Hacknet","4","2023/10/06","","2015-08-13","https://www.douban.com/game/26593990/"
"关键奇异鸟 KeyWe","4","2023/09/09","中规中矩的双人合作游戏，关卡重复度略高，kiwi鸟很可爱！","2021-08-31","https://www.douban.com/game/35367445/"
"巴巴是你 Baba Is You","5","2023/09/03","非常喜欢！","2019-03-13","https://www.douban.com/game/27609956/"
"原神","","2023/09/03","不评价","2020-09-28","https://www.douban.com/game/34441376/"
"死亡与税赋 Death and Taxes","3","2023/09/01","非常平庸","2020-02-20","https://www.douban.com/game/34969889/"
"拳皇13 The King of Fighters XIII","","2023/09/01","经典","2010-07-14","https://www.douban.com/game/19976353/"
"TEST TEST TEST","3","2023/08/28","还可以的解谜小游戏，顺便把玩的时候的截图稍微整理了一下在b站发了攻略","2024-01-18","https://www.douban.com/game/36532385/"
"地铁繁花 Underground Blossom","4","2023/08/27","一切元素都是经典锈湖","2023-09-27","https://www.douban.com/game/36377293/"
"说书人 Storyteller","3","2023/07/21","demo很好，试玩同乐会玩罢感觉意犹未尽，内容或许可以更丰富……如果有设计更多种荒诞的可能，或许会更好（不过不确定steam正式版有没有特殊的成就设计）。","2023-03-23","https://www.douban.com/game/30209827/"
"七日别 7 Days to End with You","4","2023/07/21","学习新语言小游戏，果然具象事物的名词更好学习，话语中的动词最难以理解。不过由于体量很小，所以倒不必考虑语序等问题。最后对照攻略摸索出结尾，真是忧伤温情的故事。@试玩同乐会","2022-01-24","https://www.douban.com/game/36139698/"
"没纸了！ 紙がない！","3","2023/07/21","适合如厕时游玩，更能身临其境体会到💩到临头而无纸的刺激与焦虑感（但我没这么做！）…","2023-03-02","https://www.douban.com/game/36292953/"
"超级鸡马 Ultimate Chicken Horse","5","2023/07/19","超搞笑的欢乐坑人合家欢游戏，有时候可以搞出诡异的机械联动！（自作孽不可活🤡）","2016-03-05","https://www.douban.com/game/26855608/"
"集合啦！动物森友会 あつまれ どうぶつの森","5","2023/07/19","美好生活每一天","2020-03-20","https://www.douban.com/game/30325263/"
"塞尔达传说 时光之笛 ゼルダの伝説 時のオカリナ","5","2023/07/02","","1998-11-21","https://www.douban.com/game/10742345/"
"塞尔达传说 旷野之息 - 英杰们的诗篇 ゼルダの伝説 ブレス オブ ザ ワイルド 英傑たちの詩","5","2023/07/02","","2017-12-08","https://www.douban.com/game/27599942/"
"塞尔达传说：众神的三角力量 ゼルダの伝説 神々のトライフォース","4","2023/07/02","NSO模拟器，全日语误打误撞游玩。才知道当时居然是七贤者？！","1991-11-21","https://www.douban.com/game/20394357/"
"奇妙探险队 Curious Expedition","5","2023/06/12","很有趣，像素风大爱，对不起土著人🧎","2016-09-02","https://www.douban.com/game/26411767/"
"酷极轮滑 Rollerdrome","3","2023/06/02","看起来很像Sable+My Friend Pedro，很炫酷但是手感一般。","2022-08-16","https://www.douban.com/game/35920033/"
"胡闹搬家 Moving Out","3","2023/05/13","评价是不如厨房","2020-04-28","https://www.douban.com/game/34942771/"
"朝圣者 Pilgrims","4","2023/05/09","小而美，有些地方特别有趣！","2019-10-06","https://www.douban.com/game/34850108/"
"俄勒冈之旅 The Oregon Trail","5","2023/05/02","“The game is still plentiful along here, but gettin’ harder to find. With so many overlanders, I don’t expect it to last more than a few years. Folks shoot the game for sport, take a small piece, and let the rest rot in the sun.”","1971-12-03","https://www.douban.com/game/25724926/"
"像素鸟 Flappy Bird","","2023/05/02","","2013-05-24","https://www.douban.com/game/25872461/"
"奥利亚 Olija","4","2023/05/02","像素横版过关，快乐爽游。","2021-01-28","https://www.douban.com/game/35162136/"
"蛋仔派对","1","2023/05/01","抄袭小游戏大杂烩，可惜连抄都抄不好。","2022-05-27","https://www.douban.com/game/35914353/"
"猫和老鼠：欢乐互动 Tom And Jerry: The Official Mobile Game","3","2023/05/01","模式和第五人格完全一样，不过各种游戏效果其实还好，可惜网易运营纯圈钱，只能说综合体验烂得一批。","2019-05-31","https://www.douban.com/game/33477239/"
"边境之旅 The Trail","4","2023/04/29","行走捡垃圾游戏，当年眼前一亮。但是很多地方可以更好。","2016-08-30","https://www.douban.com/game/26909059/"
"魔兽世界 World of Warcraft","","2023/04/19","只是去年短暂地玩过，很遗憾","2004-11-23","https://www.douban.com/game/10729919/"
"吃豆人 Pac-Man","","2023/04/19","","1980-05-22","https://www.douban.com/game/19975730/"
"她的故事 Her Story","4","2023/03/26","词汇检索，碎片推理，剧本意料之中的猎奇，出人意料的精彩。","2015-06-24","https://www.douban.com/game/26429413/"
"等等！生活是美好的！ wait！life is beautiful！","2","2023/03/25","莫名感到不适。","2022-01-01","https://www.douban.com/game/35874044/"
"热情废柴联盟 League Of Enthusiastic Losers","2","2023/02/27","有点糟糕的游戏：并没有多么好的叙事性和极差的游戏性，甚至感觉真正玩的时间不如加载时间长。不过挺喜欢这类画风。","2021-10-13","https://www.douban.com/game/36116085/"
"新生 a new life.","","2023/02/27","","2020-05-15","https://www.douban.com/game/35056370/"
"不予播出 Not For Broadcast","4","2023/02/17","一周目和睦党，总觉得切镜头给音效等等背后有点涉及一些审美的东西，没太明白电台的评价指标。莫名非常喜欢中间无厘头的“爱的抱抱”那一段，但正常新闻部分总因为讽刺和幽默过于明显和简单（或者说低级）让我觉得有点离谱。中文配音和字幕虽然略不同步，但心情是有配音就已经很好了……最后想说，即使是人家先进党这种ji权+极端幽默和荒诞的、戏剧化的统治中的新闻自由也比某国好得多，lockdown+生育问题又戳中谁痛点了我不说🤣","2022-01-26","https://www.douban.com/game/34941546/"
"五个约会 Five Dates","2","2023/02/17","你以为是网络情圣模拟器，其实真就只是普通男性video date模拟器而已。路人表示五个女生都完全not my type，只有西班牙女孩和萨芙蓉看起来比较正常，但后者有点太那啥了……选择比较有限，基本就是看俩人雅思面试一样对话，莫名其妙就结局了，这种游戏让人完全没有多周目动力。","2020-11-17","https://www.douban.com/game/35257660/"
"迷失 Stray","4","2023/01/28","第一人称赛博猫猫历险记","2022-07-19","https://www.douban.com/game/35097630/"
"极乐迪斯科 Disco Elysium","5","2023/01/28","","2019-10-15","https://www.douban.com/game/26935092/"
"循环勇士 Loop Hero","4","2023/01/28","蛮好的肉鸽“小”游戏 （算上缓存才200多
MB)，由于玩肉鸽不多所以感觉还挺有新意的，听着音效看主角一圈圈跑有点上瘾，不过后期还是有点没有动力.","2021-03-04","https://www.douban.com/game/35353313/"
"彼处水如酒  Where the Water Tastes Like Wine","4","2023/01/28","建议英文食用，原文极美，翻译不佳。美术音乐绝佳，各地美国民谣部分缓解了长时间步行的痛苦。虽然是复古风格游戏，但制作者加入了不少Queer故事，还有凯鲁亚克彩蛋，十分值得一玩。","2018-02-28","https://www.douban.com/game/26727487/"
"摄影冒险 TOEM: A Photo Adventure","4","2023/01/22","非常好的摄影解谜游戏，没想到的是玩了之后居然开始头晕…","2021-09-17","https://www.douban.com/game/35503030/"
"未连接到互联网 Unable to Connect to the Internet","4","2023/01/19","","2014-11-01","https://www.douban.com/game/26589438/"
"狂野飆車：競速傳奇 Asphalt Legends","3","2023/01/19","场景特效整挺好，上手极易，免费但氪金（而我永远是零氪玩家）","2018-02-06","https://www.douban.com/game/30294564/"
"卡德 KARDS - The WWII Card Game","4","2023/01/19","被inscryption引发对卡牌游戏兴趣后随便找了玩的，结果出乎意料地还不错，不同卡组搭配挺有意思的。记得有一次更新还专门把日本的标志更换了……","2019-04-12","https://www.douban.com/game/34957872/"
"斯普拉遁3 スプラトゥーン3","5","2023/01/19","太惊艳！！！不过匹配时间实在太久了，而且连接有点容易出问题。总之强烈安利🥰喷起来就发狠了忘情了不要命了！","2022-09-09","https://www.douban.com/game/35364057/"
"劍入禪境 Sword Zen","4","2023/01/18","干净、漂亮。少即是多。","2021-02-01","https://www.douban.com/game/35356593/"
"模拟山羊 Goat Simulator","","2023/01/17","","2014-04-01","https://www.douban.com/game/25857933/"
"酿造物语 Hundred Days-Winemaking Simulator","3","2023/01/16","bug有点多，引导一般，故事部分有点平庸。不过学到不少葡萄酒小知识，画风也说得过去，很轻松的经营小游戏。","2021-05-13","https://www.douban.com/game/35002273/"
"请触摸艺术 Please, Touch The Artwork","4","2023/01/16","玩这款游戏时，可以思考很多事情，不仅仅是色彩与蒙德里安。出乎意料的好。","2022-01-26","https://www.douban.com/game/35753635/"
"远方：孤帆远行 FAR: Lone Sails","4","2023/01/15","小而美","2018-05-17","https://www.douban.com/game/30220135/"
"BOBA","4","2023/01/10","Daneil Mullins的Game jam新作，一如既往的诡异而惊艳，十分钟一杯美味珍珠奶茶。","2023-01-08","https://www.douban.com/game/36210297/"
"猫咪咖啡店的寻常一天 an average day at the cat cafe","3","2023/01/10","咖啡店模拟器，美术和音效都很不错，延续了《missed messages.》以来的可爱温馨画风，上手后甚至感觉很有节奏感。缺点是开局引导有些一般，几天后有点难度（一个人真的可以开24小时咖啡店吗啊啊啊）。","2022-10-20","https://www.douban.com/game/36210303/"
"BLOOP","4","2023/01/10","始于时间线中点的叙事结构很巧妙。Rest in pie…","2020-10-05","https://www.douban.com/game/36210300/"
"1号房 OneRoom","3","2023/01/10","game jam中的game jam，以及背后的诡异秘密。并不是多结局游戏，所以如果想二周目重新尝试的话会发现对话流程略显僵硬，其他都蛮不错的。","2017-04-24","https://www.douban.com/game/36210299/"
"Your FREE BitBuddy™","3","2023/01/10","再见了我的朋友，BitBuddy…👋🏼","2022-04-20","https://www.douban.com/game/36210302/"
"错过的信息 missed messages.","4","2023/01/10","明明记得很久之前已经标记了，不论如何补标一下。","2019-05-20","https://www.douban.com/game/33478782/"
"黎明前20分钟 20 Minutes Till Dawn","3","2023/01/09","去年玩的，画风还蛮不错，但也没有特别出彩之处。感觉这类刷怪肉鸽not my type","2023-06-08","https://www.douban.com/game/35926936/"
"咖啡心语 Coffee Talk","2","2023/01/06","尝试玩了两次但最后还是弃了，实在不喜欢","2020-01-30","https://www.douban.com/game/34463969/"
"甜甜圈郡 Donut County","3","2023/01/05","物品描述和设定都很有意思，🦝本体垃圾爱好者狠狠喜欢。不过体量很小，游戏性一般。","2018-08-28","https://www.douban.com/game/26358126/"
"羊了个羊","1","2023/01/05","","2022-09-13","https://www.douban.com/game/36092695/"
"爱瑞思与巨人 Iris and the Giant","4","2023/01/04","小而美的爬塔卡牌游戏。当面对世界上纷繁而至的恶意，请向他们说“不”。","2020-02-28","https://www.douban.com/game/34980999/"
"发糖模拟器 Fhtagn Simulator","4","2022/12/30","克苏鲁风格献祭，还挺有意思！就是后期卡组感觉略重复 @2022-10-28 13:55:35","2022-10-21","https://www.douban.com/game/36131923/"
"哈迪斯 Hades","5","2022/12/30","一遍又一遍，我从血池中起身。再来一次。 @2022-09-24 14:11:28","2020-09-17","https://www.douban.com/game/30397999/"
"我们曾一起在这里 We Were Here Together","3","2022/12/30","很久之前和一个男同学一块玩的来着，感想就是非常晕…信息不对等部分需要花很长时间描述，共同闯关部分还可以。真的很希望以后双人解谜游戏都能做成分屏… @2022-08-14 23:47:20","2019-10-10","https://www.douban.com/game/35088689/"
"代号：探戈 Operation: Tango","2","2022/12/30","","2021-06-01","https://www.douban.com/game/35155668/"
"壁纸引擎 Wallpaper Engine","5","2022/12/30","可能基本只有中国玩家才会用这个游戏来…连正常的xxxx渠道没有其实也是挺可悲的一事儿。 @2022-08-04 22:37:18","2016-10-10","https://www.douban.com/game/30241370/"
"驻留 STAY","5","2022/12/30","形式相当新颖，在对话中小心翼翼构建信任、了解一个人，生怕自己的离开使游戏人物恐惧。收集的物品没有什么实用价值，却和对话内容一样充满让人会心一笑或沉思的引用与隐喻。每一关结束都有一句制作者的嘲讽口吻的评语，还挺可爱的。
“要记住还是遗忘？想象一个回忆也能变成选择的未来？一开始我以为直面这潭悲伤的沼泽，我就会开始自我痊愈。但我一直沉溺其中，就像阿达克斯…那些记忆仍然产生着强烈的影响，渗透现在，毁掉未来。我只是无法重构它们，继续我的生活，我的内在完全崩坏了…永远不要错过，哪怕是一次，告诉某人你爱她，或者是他的机会。绝对不要” @2022-07-14 22:19:24","2018-05-16","https://www.douban.com/game/30224143/"
"蝇后 Queen of the flies","3","2022/12/30","“小言社区正代替⭕️⭕️扮演⭕️⭕️、⭕️⭕️⭕️与⭕️⭕️⭕️⭕️⭕️的角色。倘若我们将⭕️⭕️比作欧洲封建王国，那么小言公司就是教会。所有人都可以监管⭕️⭕️，但谁来监管教皇？”
结尾很有意思。一次简洁、真诚而不失学术的对于互联网社交平台的反思，期待更多作品。以上。 @2022-07-14 13:34:27","2022-03-31","https://www.douban.com/game/35849261/"
"完美的一天","3","2022/12/30","磨磨唧唧拖拖沓沓。 @2022-07-06 11:13:07","2022-02-25","https://www.douban.com/game/34970585/"
"摄追赤红末世代 Umurangi Generation","3","2022/12/30","概念很好，手感很差，沦落成找物品小游戏。相片评价系统有点一般… @2022-07-06 10:59:41","2020-05-19","https://www.douban.com/game/35074384/"
"生而为同 A Gay's Life","5","2022/12/30","之前忘记标记了。很好的游戏，任重道远。 @2022-07-05 16:57:44","2018-05-04","https://www.douban.com/game/30363877/"
"第九所","3","2022/12/30","献礼游戏，在献礼层面情怀满分，在游戏层面刚及格。是怎么做到又精致又仍然粗制滥造的…… @2022-07-04 15:00:26","2019-12-27","https://www.douban.com/game/34930886/"
"坏小孩","4","2022/12/30","","2021-07-14","https://www.douban.com/game/35526213/"
"泡泡的人 Bubble People","4","2022/12/30","斯金纳箱中的消解与重构。 @2022-06-30 13:27:05","2021-10-13","https://www.douban.com/game/35625058/"
"围城里的演出 Ministry of Broadcast","4","2022/12/30","1984要素超多的跑酷游戏，喜欢乌鸦。 @2022-06-13 18:01:00","2020-01-30","https://www.douban.com/game/34878423/"
"香肠派对","3","2022/12/30","我绝对是古早期玩家……评价就是萌版吃鸡，画风可爱，优化很差。 @2022-06-11 22:40:02","2018-09-01","https://www.douban.com/game/30331562/"
"滑雪大冒险 Ski Safari","3","2022/12/30","一手好牌打稀烂。童年经典。 @2022-06-11 22:38:47","2012-04-26","https://www.douban.com/game/20532729/"
"信任的进化 The Evolution of Trust","","2022/12/30","@2022-06-11 22:05:12","2017-07-01","https://www.douban.com/game/27179397/"
"做个好梦","3","2022/12/30","有点诡异 @2022-06-08 02:09:00","2021-05-24","https://www.douban.com/game/35476614/"
"王者荣耀","2","2022/12/30","对这个游戏的抄袭/氪金/匹配机制/玩家素质等都极度反感。然而仍然可借之消磨时间。 @2022-06-11 22:38:19","2015-12-01","https://www.douban.com/game/26655376/"
"沙贝 Sable","4","2022/12/24","莫比斯风格与女性叙事很令人喜欢，游戏机制则处处受到旷野之息的影响。前期引导有点一般，后期我直接沉迷于买车买衣服与沙海飙车钓鱼！很想一直就这样当滑行者，漫无目的地旅行、攀爬，直到世界边缘。可惜终究还是要回到自己的部族选择面具，幸好选择什么不太重要。","2021-09-23","https://www.douban.com/game/27615461/"
"药剂工艺：炼金模拟器 Potion Craft: Alchemist Simulator","3","2022/12/23","体量很小，设计还可以，后期感觉有点重复。","2021-09-21","https://www.douban.com/game/35352136/"
"十二分钟 Twelve Minutes","3","2022/12/23","设计新颖，游戏体验不佳。","2021-08-19","https://www.douban.com/game/34347214/"
"在我们当中 Among Us","4","2022/12/23","","2018-11-17","https://www.douban.com/game/35182681/"
"鹅作剧 Untitled Goose Game","4","2022/12/23","很爱胡乱搞破坏类游戏🤫","2019-09-20","https://www.douban.com/game/30147239/"
"亲爱的德维尔 Dear Devere","4","2022/12/23","流程很短的视觉小说，非线性叙事亮眼，书信设计很美。","2020-04-12","https://www.douban.com/game/35199314/"
"文字游戏：第零章 Word Game: Episode 0","4","2022/12/23","","2021-01-14","https://www.douban.com/game/35335531/"
"合成大西瓜","","2022/12/23","","2021-01-21","https://www.douban.com/game/35341448/"
"记忆重构 Memories","3","2022/12/23","电影+游戏不是简单做加法。","2019-02-27","https://www.douban.com/game/30473208/"
"荒野乱斗 Brawl Stars","4","2022/12/23","大一的时候常玩，后来换手机号没了就没玩过了…","2017-06-15","https://www.douban.com/game/27069765/"
"牛奶袋里面有一袋牛奶袋里面有一袋牛奶 Milk inside a bag of milk inside a bag of milk","","2022/12/23","好崩溃","2020-08-06","https://www.douban.com/game/35303828/"
"诡野西部 Weird West","3","2022/12/21","没想到一百来块钱的游戏做出来是这种水平……美术风格和各种设定并不差，但游玩体验就只是粗糙、无聊，射击手感等等相当一般。而且背包空间的有限严重影响囤积癖玩家体验。","2022-03-31","https://www.douban.com/game/34915056/"
"怒猿逃生 APE OUT","5","2022/12/21","美术音乐创意玩法都极佳，爵士乐随着紧张刺激的逃生猿人起承转合，与玩家心脏一起跃动。强对比度、利落的线条、专辑关卡形式与极简的左右键操作都是大亮点，可惜操作对我来说太难，目前还没有通关困难模式……","2019-02-28","https://www.douban.com/game/30173608/"
"高山冒险滑雪 Grand Mountain Adventure","4","2022/12/21","相比PC，用iPhone游戏体验会更好，震感和操作都更令人有沉浸感，不过我当时玩的时候iPhone好像国区还没有，美区后面是付费（steam建议通过key入）。整体好评，地图做得相当精致，有一些有趣的隐藏关卡，很多地方都需要反复挑战磨练技术才能通过，音效和音乐也很愉悦，看我在雪中旋转跳跃n*360度！","2019-11-26","https://www.douban.com/game/35069179/"
"旁观者 Beholder","4","2022/12/21","我竟然没标……经典反乌托邦监视经营，不必多说。之前免费送的时候我已经把它安利给所有朋友！","2016-11-01","https://www.douban.com/game/26913268/"
"元气骑士 Soul Knight","5","2022/12/21","国产游戏里算质量相当好的@2022.6.11 十月重新开始玩，通关20次留念！@2022.10.25 @2022-06-11 22:36:35","2017-01-19","https://www.douban.com/game/26988657/"
"方块逃脱：阿尔勒  Cube Escape: Arles","","2022/12/20","","2015-06-05","https://www.douban.com/game/26583967/"
"方块逃脱 ：生日  Cube Escape: Birthday","","2022/12/20","","2016-02-17","https://www.douban.com/game/26729251/"
"方块逃脱：四季 Cube Escape: Seasons","","2022/12/20","","2015-04-27","https://www.douban.com/game/26381584/"
"方块逃脱：哈维的盒子 Cube Escape: Harvey's Box","","2022/12/20","","2015-06-25","https://www.douban.com/game/26600400/"
"方块逃脱：湖 Cube Escape: The Lake","","2022/12/20","","2015-04-25","https://www.douban.com/game/26384664/"
"方块逃脱：23号案件 Cube Escape: Case 23","","2022/12/20","","2015-08-03","https://www.douban.com/game/26594642/"
"方块逃脱：剧院 Cube Escape: Theatre","","2022/12/20","","2016-04-11","https://www.douban.com/game/26770379/"
"方块逃脱：磨坊 Cube Escape: The Mill","","2022/12/20","","2015-09-05","https://www.douban.com/game/26611154/"
"方块逃脱：洞穴  Cube Escape: The Cave","","2022/12/20","","2017-03-23","https://www.douban.com/game/26998019/"
"植物大战僵尸 Plants vs. Zombies","","2022/12/20","","2009-05-06","https://www.douban.com/game/10734138/"
"底特律：化身为人 Detroit: Become Human","","2022/12/20","","2018-05-25","https://www.douban.com/game/26652745/"
"扫雷 Minesweeper","5","2022/12/20","@2022-07-04 15:10:34","1990-10-08","https://www.douban.com/game/10736678/"
"伊迪丝·芬奇的记忆 What Remains of Edith Finch","","2022/12/20","太晕了受不了 玩一小时吐一下午","2017-04-25","https://www.douban.com/game/26411799/"
"神庙逃亡 Temple Run","3","2022/12/20","","2011-08-04","https://www.douban.com/game/10734180/"
"江南百景图","3","2022/12/20","","2020-07-02","https://www.douban.com/game/35050167/"
"鳄鱼小顽皮爱洗澡 Where's My Water","4","2022/12/20","","2011-09-22","https://www.douban.com/game/10734169/"
"第五人格","3","2022/12/20","","2018-04-02","https://www.douban.com/game/27058655/"
"纪念碑谷 Monument Valley","5","2022/12/17","","2014-04-03","https://www.douban.com/game/25865152/"
"茶杯头 Cuphead","4","2022/12/17","太喜欢这种复古动画风格了，就是真的有点难…！","2017-09-29","https://www.douban.com/game/26426595/"
"玛丽的房间 Marie's Room","3","2022/12/16","喜爱化学、研究黑洞与时间旅行、失去了母亲的美国女孩，人设越看越像奇异人生哈哈。整体还可以。","2018-04-13","https://www.douban.com/game/30197182/"
"奥威尔：无知就是力量 Orwell: Ignorance is Strength","4","2022/12/15","Orwell: Ignorance is Strength是Orwell: Keeping an Eye On You的续作，二者不仅游戏方法相似，内容上也有种种联系。如果必须要比较，我还是更喜欢前作（而且前作有中文，读起来还是更快一点！）👾在游戏过程中，很容易就可以代入政府部门打工人角色，入侵、挖掘所有用户隐私。想到上个月被辅导员打电话，逐字逐句念出我在微信发给别人的消息，以及其他种种事件，再玩这部游戏时我只觉得极其恐怖。这种意义上来说，Orwell系列绝不是什么架空世界观游戏，而是一次对所有生活种“系统”掌控的明示。另一个游戏提出的问题是，人应当怎样对抗暴力的系统？以自由为名而伤及无辜，是否又只是另一种“系统”暴力？这是我们要继续思考的……","2018-02-23","https://www.douban.com/game/30155151/"
"辐射：避难所 Fallout Shelter","4","2022/12/08","有一次看到一个小人探险回家后跑到休息室的房间里面独自待了一会儿，“Phew！”一声后一脸愉快地走出来继续工作了。","2015-06-15","https://www.douban.com/game/26425252/"
"饥饿派画家 Passpartout: The Starving Artist","4","2022/05/30","嘎嘎嘎","2017-06-06","https://www.douban.com/game/27076804/"
"侠盗猎车手：圣安地列斯 Grand Theft Auto: San Andreas","5","2022/05/30","","2004-10-26","https://www.douban.com/game/10739855/"
"刺客信条编年史：中国 Assassin's Creed Chronicles: China","2","2022/04/11","美工不错 其他……","2015-04-22","https://www.douban.com/game/26366138/"
"梦界狂徒 Hypnospace Outlaw","5","2022/04/09","九九年互联网模拟器，关于网络黄金时代的挽歌。审查与自由检索的路数类似于don’t feed the monkeys、Orwell，再向上追溯则是papers，please——但比上述小体量游戏完善很多，几乎是一个完整的互联网宇宙。从美工到音乐都很复古很朋克，可玩性也相当强，就是英语密密麻麻很费眼睛。玩罢回到现实，我居然也开始怀念那个自己不曾经历过的肆意妄为的网络世界。","2019-03-12","https://www.douban.com/game/27202559/"
"都市：天际线 Cities: Skylines","4","2022/04/09","老少咸宜的规划游戏，用这个模拟真实城市的网友真的牛……","2015-03-11","https://www.douban.com/game/26324780/"
"模拟地铁 Mini Metro","5","2022/04/09","妙","2015-11-06","https://www.douban.com/game/26345554/"
"旅行青蛙 旅かえる","3","2022/04/09","其实一直没get到好玩在哪😢","2017-11-01","https://www.douban.com/game/27598901/"
"摩尔庄园","5","2022/04/09","童年佳作","2008-04-28","https://www.douban.com/game/11541002/"
"笼中窥梦 Moncage","4","2022/04/09","玩法新颖，美工不错的小清新游戏","2021-11-16","https://www.douban.com/game/34997500/"
"Sky光·遇 Sky: Children of the Light","3","2022/04/09","不是很符合我的口味","2019-07-18","https://www.douban.com/game/27139991/"
"烟火","4","2022/04/09","谢谢你让我在宿舍尖叫吓死所有舍友","2021-02-04","https://www.douban.com/game/35098364/"
"移形换位 Shift Happens","3","2022/04/09","高级版森林冰火人","2017-02-23","https://www.douban.com/game/27004878/"
"王权 Reigns","5","2022/04/09","","2016-08-10","https://www.douban.com/game/26860127/"
"璀璨宝石 Splendor","4","2022/04/03","我怎么赢：别人互卡我捡漏","2014-01-01","https://www.douban.com/game/26923385/"
"哈利波特：魔法觉醒","2","2022/04/03","hhh","2021-09-09","https://www.douban.com/game/35081456/"
"古墓丽影 Tomb Raider","4","2022/04/01","整体相当不错，就是找箱子使人强迫症发作。虽然用女性作为主角却处处暗含着潜在的男性审美，让我非常不适（即使我也很喜欢劳拉）。","2013-03-05","https://www.douban.com/game/21726040/"
"卡坦岛 Catan","3","2022/04/01","一桌人玩个乐呵。策略性不强。","2005-10-10","https://www.douban.com/game/10757298/"
"三国杀OL","4","2022/04/01","网游零分，线下满分。","2009-12-27","https://www.douban.com/game/26367507/"
"侠盗猎车手4 Grand Theft Auto IV","5","2022/04/01","","2008-04-29","https://www.douban.com/game/10749581/"
"奥伯拉丁的回归 Return of the Obra Dinn","5","2022/04/01","美术风格很喜欢，情节和叙事方法都极佳的推理游戏。","2018-10-18","https://www.douban.com/game/26434279/"
"画中世界 Gorogoa","5","2022/04/01","","2017-12-14","https://www.douban.com/game/25822935/"
"乌鸦的自白 A Raven Monologue","3","2022/04/01","流程很短的小清新游戏。","2018-01-12","https://www.douban.com/game/29971726/"
"地狱边境 Limbo","4","2022/04/01","经典横版过关","2010-07-21","https://www.douban.com/game/10739871/"
"弗洛伦斯 Florence","3","2022/04/01","恋爱游戏，手游里面算还好的（美工不错玩法还行，其他没什么亮点）。","2018-02-14","https://www.douban.com/game/27591214/"
"星际拓荒 Outer Wilds","5","2022/04/01","各方面极佳（虽然晕3D了…）","2019-05-29","https://www.douban.com/game/26362172/"
"风之寂静 The Stillness of the Wind","3","2022/04/01","生活，在自洽的寂静中。","2019-02-07","https://www.douban.com/game/30355291/"
"这里没有游戏：错误的维度 There Is No Game: Wrong Dimension","4","2022/04/01","满满meta元素","2020-08-07","https://www.douban.com/game/35172076/"
"锈湖：天堂岛 Rusty Lake Paradise","4","2022/04/01","可能是锈湖里叙事最简单的，而且重复来重复去有点疲劳","2018-01-11","https://www.douban.com/game/27591232/"
"方块逃脱合集 Cube Escape Collection","5","2022/04/01","怪诞不经又脑洞十足，几乎是最好的方块解谜","2020-10-14","https://www.douban.com/game/35224672/"
"锈湖：旅馆 Rusty Lake Hotel","4","2022/04/01","感觉是最简单的一款，但很讽刺很喜欢","2015-12-10","https://www.douban.com/game/26708988/"
"锈湖：根源 Rusty Lake: Roots","5","2022/04/01","剧情大介绍：最阴间的家族恩怨。","2016-10-20","https://www.douban.com/game/26898936/"
"白门 The White Door","5","2022/04/01","找回色彩。","2020-01-09","https://www.douban.com/game/34809695/"
"轮回的房间 Samsara Room","5","2022/04/01","","2020-04-29","https://www.douban.com/game/26784948/"
"方块逃脱：悖论 Cube Escape: Paradox","5","2022/04/01","锈湖系列最喜欢的之一","2018-09-20","https://www.douban.com/game/30287634/"
"这就是警察 This Is the Police","5","2022/04/01","电影化叙事，很喜欢这类美术风格。所有荣光、所有苦心经营、所有为难与周旋终将归为——","2016-08-02","https://www.douban.com/game/26850035/"
"王权：女王陛下 Reigns: Her Majesty","5","2022/04/01","很久之前在手机上玩的，贼喜欢这种排列组合荒诞剧情，玩法也相当新颖。","2017-12-07","https://www.douban.com/game/27605233/"
"我的朋友佩德罗 My Friend Pedro","4","2022/04/01","射击爽游","2019-06-21","https://www.douban.com/game/26948561/"
"奇异人生2 Life is Strange 2","4","2022/04/01","一些兄弟故事…（但我还是更喜欢Chloe还我Chloe呜呜呜）","2018-09-27","https://www.douban.com/game/27069936/"
"六角疑云 The Hex","4","2022/03/28","","2018-10-16","https://www.douban.com/game/28516755/"
"传送门 Portal","5","2022/03/28","","2007-10-09","https://www.douban.com/game/10747851/"
"奥威尔：无所遁形 Orwell: Keeping an Eye On You","4","2022/03/28","","2016-10-20","https://www.douban.com/game/26853069/"
"如果在冬夜，四个旅人 If On A Winter's Night, Four Travelers","5","2022/03/28","","2021-09-21","https://www.douban.com/game/35445026/"
"攀云者 Cloud Climber","4","2022/03/28","","2021-01-14","https://www.douban.com/game/35337626/"
"九十六号公路 Road 96","4","2022/03/28","","2021-08-16","https://www.douban.com/game/35284509/"
"这是我的战争 This War of Mine","3","2022/03/19","#个人化测评#  this war of mine

我觉得技巧性要求比较高，处处都要精打细算，让我联想到阿瑞斯病毒之类的游戏，这种“算计”削弱了本身战争背景应该具有的庞大的悲伤感。

其他都还不错，我对这种题材可能已经有点麻木了…画风和房屋剖面这种形式都见怪不怪，有点像beholder——但还是beholder那种剧情与游戏形式更能打动我一点。

此外就是游戏过程中感到一种无力感，个体在夹缝中生存啊等等等等。但是游戏对个人的刻画真的有点太少了，每个人都只有短短一行的简介和偶尔冒出的思维气泡，还不如模拟人生的喜怒哀乐来得鲜明——你又要凸现个体之渺小又拒绝描绘个人，这多没意思。","2014-11-14","https://www.douban.com/game/26269051/"
"饥荒联机版 Don't Starve Together","4","2022/03/18","","2016-04-21","https://www.douban.com/game/26419552/"
"旁观者2 Beholder 2","3","2022/03/18","","2018-12-04","https://www.douban.com/game/30389293/"
"奇异人生 Life is Strange","5","2022/03/18","","2015-01-30","https://www.douban.com/game/26317250/"
"超能队长的奇异冒险 The Awesome Adventures of Captain Spirit","4","2022/03/18","","2018-06-26","https://www.douban.com/game/30247034/"
"奇异人生：暴风前夕 Life is Strange: Before The Storm","5","2022/03/18","","2017-08-31","https://www.douban.com/game/27067717/"
"传送门2 Portal 2","5","2022/03/18","","2011-04-19","https://www.douban.com/game/10734307/"
"深入 Inside","5","2022/03/18","","2016-06-29","https://www.douban.com/game/26430524/"
"小马岛 Pony Island","5","2022/03/18","","2016-01-05","https://www.douban.com/game/26708094/"
"人类：一败涂地 Human: Fall Flat","3","2022/03/18","","2016-07-23","https://www.douban.com/game/26864634/"
"胡闹厨房2 Overcooked! 2","5","2022/03/18","已经成为对我有特殊意义的一款游戏","2018-08-07","https://www.douban.com/game/30246758/"
"模拟人生4 The Sims 4","4","2022/03/18","","2014-09-02","https://www.douban.com/game/25985755/"
"双人成行 It Takes Two","5","2022/02/15","","2021-03-26","https://www.douban.com/game/35110438/"
"糖豆人: 终极淘汰赛 Fall Guys: Ultimate Knockout","4","2022/02/15","","2020-08-04","https://www.douban.com/game/35055474/"
"邪恶冥刻 Inscryption","5","2022/01/09","目前玩过最好的游戏之一。@2022-12-31全成就通关留念！","2021-10-19","https://www.douban.com/game/35012407/"
"巡警 Beat Cop","4","2021/12/15","","2017-03-30","https://www.douban.com/game/27011272/"
"请出示证件 Papers, Please","5","2021/12/15","","2013-08-09","https://www.douban.com/game/25704197/"
"不要喂食猴子 Do Not Feed the Monkeys","5","2021/12/15","","2018-10-23","https://www.douban.com/game/27159318/"
"污泥人生 SLUDGE LIFE","4","2021/12/14","","2020-05-28","https://www.douban.com/game/35012420/"
"我的世界 Minecraft","5","2021/12/06","最近开始重新玩。去年年末选了电子游戏与哲学课，彼时高强度地玩了很多天，然后基于这款游戏“机械创造”/沉浸式/开放世界的特质（效仿本雅明）写了篇结课论文，至今觉得那篇是上大学以来写作最顺畅的，尽管写得不好。@2022-06-16 18:24:59","2011-11-18","https://www.douban.com/game/10734157/"
